<?xml version="1.0" encoding="utf-8"?>
<ModelInformation Version="1.0">
  <Model>
    <P Name="ModelUUID">3199ecf7-fbe5-43c7-9bf5-754bfecf133e</P>
    <P Name="SLXCompressionType">Normal</P>
    <P Name="LastSavedArchitecture">win64</P>
    <P Name="HideAutomaticNames">off</P>
    <ConfigManagerSettings>
      <P Name="ModifiedByFormat">%&lt;Auto&gt;</P>
      <P Name="ModifiedDateFormat">%&lt;Auto&gt;</P>
      <P Name="ModelVersionFormat">%&lt;AutoIncrement:9.15&gt;</P>
    </ConfigManagerSettings>
    <EditorSettings>
      <P Name="ShowEditTimeWarnings">off</P>
      <P Name="ShowTestPointIcons">off</P>
      <P Name="ShowSignalResolutionIcons">off</P>
      <P Name="MultithreadedSim">on</P>
    </EditorSettings>
    <SimulationSettings>
      <P Name="SimulationMode">normal</P>
      <Object PropName="RTWFcnClass" ObjectID="1" ClassName="RTW.FcnDefault">
        <P Name="Name">Auto</P>
        <P Name="FunctionName">flightControlSystem_step</P>
        <P Name="InitFunctionName">flightControlSystem_initialize</P>
      </Object>
      <Object PropName="DataLoggingOverride" ObjectID="2" ClassName="Simulink.SimulationData.ModelLoggingInfo">
        <P Name="model_" Class="char">$bdroot</P>
        <Array PropName="logAsSpecifiedByModels_" Type="Cell" Dimension="1*1">
          <Cell Class="char">$bdroot</Cell>
        </Array>
        <Array PropName="logAsSpecifiedByModelsSSIDs_" Type="Cell" Dimension="1*1">
          <Cell Class="char"/>
        </Array>
      </Object>
    </SimulationSettings>
    <ExternalMode>
      <P Name="ExtModeTrigDuration">80</P>
    </ExternalMode>
    <EngineSettings>
      <P Name="ConfigurableSubsystemUsage">warning</P>
    </EngineSettings>
    <ConcurrentExecutionSettings>
      <Object PropName="DataTransfer" ObjectID="3" ClassName="Simulink.GlobalDataTransfer">
        <P Name="DefaultTransitionBetweenSyncTasks" Class="char">Ensure deterministic transfer (maximum delay)</P>
        <P Name="DefaultTransitionBetweenAsyncTasks" Class="char">Ensure data integrity only</P>
        <P Name="DefaultTransitionBetweenContTasks" Class="char">Ensure deterministic transfer (minimum delay)</P>
        <P Name="DefaultExtrapolationMethodBetweenContTasks" Class="char">None</P>
      </Object>
      <Array PropName="ModelMappings" Type="Simulink.CoderDictionary.ModelMappingBase" Dimension="1*2">
        <Object ObjectID="4" ClassName="Simulink.CoderDictionary.ModelMapping">
          <P Name="DummyName" Class="char"/>
          <Array PropName="Inports" Type="Simulink.CoderDictionary.InportsMapping" Dimension="1*3">
            <Object ObjectID="5">
              <Object PropName="MappedTo" ObjectID="6" ClassName="Simulink.DataReferenceClass">
                <P Name="MappedTo" Class="char">StorageClass</P>
                <Object PropName="StorageClass" ObjectID="7" ClassName="Simulink.MapDataRef">
                  <P Name="UUID" Class="char">49c69b75-1e5d-4583-8e2e-adfdb3383b6e</P>
                </Object>
                <P Name="ServicePort" Class="double">[]</P>
                <P Name="CSCAttributes" Class="char"/>
                <P Name="MemorySection" Class="double">[]</P>
                <P Name="Identifier" Class="char">cmd_inport</P>
              </Object>
              <P Name="StereotypeProperties" Class="char"/>
              <Object Reference="true" PropName="ParentMapping" ObjectID="4"/>
            </Object>
            <Object ObjectID="8">
              <Object PropName="MappedTo" ObjectID="9" ClassName="Simulink.DataReferenceClass">
                <P Name="MappedTo" Class="char">StorageClass</P>
                <Object PropName="StorageClass" ObjectID="10" ClassName="Simulink.MapDataRef">
                  <P Name="UUID" Class="char">49c69b75-1e5d-4583-8e2e-adfdb3383b6e</P>
                </Object>
                <P Name="ServicePort" Class="double">[]</P>
                <P Name="CSCAttributes" Class="char"/>
                <P Name="MemorySection" Class="double">[]</P>
                <P Name="Identifier" Class="char">sensor_inport</P>
              </Object>
              <P Name="StereotypeProperties" Class="char"/>
              <Object Reference="true" PropName="ParentMapping" ObjectID="4"/>
            </Object>
            <Object ObjectID="11">
              <Object PropName="MappedTo" ObjectID="12" ClassName="Simulink.DataReferenceClass">
                <P Name="MappedTo" Class="char">StorageClass</P>
                <Object PropName="StorageClass" ObjectID="13" ClassName="Simulink.MapDataRef">
                  <P Name="UUID" Class="char">3d00140e-9905-495b-b543-bd24ca564783</P>
                </Object>
                <P Name="ServicePort" Class="double">[]</P>
                <P Name="CSCAttributes" Class="char"/>
                <P Name="MemorySection" Class="double">[]</P>
                <P Name="Identifier" Class="char">imRGB</P>
              </Object>
              <P Name="StereotypeProperties" Class="char"/>
              <Object Reference="true" PropName="ParentMapping" ObjectID="4"/>
            </Object>
          </Array>
          <Array PropName="Outports" Type="Simulink.CoderDictionary.OutportsMapping" Dimension="1*2">
            <Object ObjectID="14">
              <Object PropName="MappedTo" ObjectID="15" ClassName="Simulink.DataReferenceClass">
                <P Name="MappedTo" Class="char">StorageClass</P>
                <P Name="StorageClass" Class="double">[]</P>
                <P Name="ServicePort" Class="double">[]</P>
                <P Name="CSCAttributes" Class="char"/>
                <P Name="MemorySection" Class="double">[]</P>
                <P Name="Identifier" Class="char"/>
              </Object>
              <P Name="StereotypeProperties" Class="char"/>
              <Object Reference="true" PropName="ParentMapping" ObjectID="4"/>
            </Object>
            <Object ObjectID="16">
              <Object PropName="MappedTo" ObjectID="17" ClassName="Simulink.DataReferenceClass">
                <P Name="MappedTo" Class="char">StorageClass</P>
                <P Name="StorageClass" Class="double">[]</P>
                <P Name="ServicePort" Class="double">[]</P>
                <P Name="CSCAttributes" Class="char"/>
                <P Name="MemorySection" Class="double">[]</P>
                <P Name="Identifier" Class="char"/>
              </Object>
              <P Name="StereotypeProperties" Class="char"/>
              <Object Reference="true" PropName="ParentMapping" ObjectID="4"/>
            </Object>
          </Array>
          <P Name="FcnCallInports" Class="double">[]</P>
          <Array PropName="OneShotFunctionMappings" Type="Simulink.CoderDictionary.EntryPointMapping" Dimension="1*2">
            <Object ObjectID="18">
              <P Name="Prototype" Class="char"/>
              <P Name="SimulinkFunctionName" Class="char">Initialize</P>
              <Object Reference="true" PropName="ParentMapping" ObjectID="4"/>
              <Object PropName="FunctionReference" ObjectID="19" ClassName="Simulink.FunctionReferenceClass">
                <Object PropName="FunctionClass" ObjectID="20" ClassName="Simulink.MapDataRef">
                  <P Name="UUID" Class="char"/>
                </Object>
                <Object PropName="MemorySection" ObjectID="21" ClassName="Simulink.MapDataRef">
                  <P Name="UUID" Class="char"/>
                </Object>
              </Object>
              <Object PropName="Deployment" ObjectID="22" ClassName="Simulink.FunctionDeployment">
                <P Name="ExecutionCore" Class="char">Auto</P>
                <Object PropName="TimerService" ObjectID="23" ClassName="Simulink.MapDataRef">
                  <P Name="UUID" Class="char"/>
                </Object>
              </Object>
            </Object>
            <Object ObjectID="24">
              <P Name="Prototype" Class="char"/>
              <P Name="SimulinkFunctionName" Class="char">Terminate</P>
              <Object Reference="true" PropName="ParentMapping" ObjectID="4"/>
              <Object PropName="FunctionReference" ObjectID="25" ClassName="Simulink.FunctionReferenceClass">
                <Object PropName="FunctionClass" ObjectID="26" ClassName="Simulink.MapDataRef">
                  <P Name="UUID" Class="char"/>
                </Object>
                <Object PropName="MemorySection" ObjectID="27" ClassName="Simulink.MapDataRef">
                  <P Name="UUID" Class="char"/>
                </Object>
              </Object>
              <Object PropName="Deployment" ObjectID="28" ClassName="Simulink.FunctionDeployment">
                <P Name="ExecutionCore" Class="char">Auto</P>
                <Object PropName="TimerService" ObjectID="29" ClassName="Simulink.MapDataRef">
                  <P Name="UUID" Class="char"/>
                </Object>
              </Object>
            </Object>
          </Array>
          <P Name="OutputFunctionMappings" Class="double">[]</P>
          <P Name="UpdateFunctionMappings" Class="double">[]</P>
          <P Name="AperiodicFunctionMappings" Class="double">[]</P>
          <P Name="AsynchronousFunctionMappings" Class="double">[]</P>
          <P Name="ResetFunctions" Class="double">[]</P>
          <P Name="SimulinkFunctionCallerMappings" Class="double">[]</P>
          <P Name="ModelScopedParameters" Class="double">[]</P>
          <P Name="Parameters" Class="double">[]</P>
          <Array PropName="Signals" Type="Simulink.CoderDictionary.SignalMapping" Dimension="1*2">
            <Object ObjectID="30">
              <P Name="OutputPort" Class="int32">0</P>
              <Object Reference="true" PropName="ParentMapping" ObjectID="4"/>
              <Object PropName="MappedTo" ObjectID="31" ClassName="Simulink.DataReferenceClass">
                <P Name="MappedTo" Class="char">StorageClass</P>
                <Object PropName="StorageClass" ObjectID="32" ClassName="Simulink.MapDataRef">
                  <P Name="UUID" Class="char">49c69b75-1e5d-4583-8e2e-adfdb3383b6e</P>
                </Object>
                <P Name="ServicePort" Class="double">[]</P>
                <P Name="CSCAttributes" Class="char"/>
                <P Name="MemorySection" Class="double">[]</P>
                <P Name="Identifier" Class="char">motors_outport</P>
              </Object>
              <P Name="BlockSID" Class="char">85</P>
              <P Name="StereotypeProperties" Class="char"/>
            </Object>
            <Object ObjectID="33">
              <P Name="OutputPort" Class="int32">1</P>
              <Object Reference="true" PropName="ParentMapping" ObjectID="4"/>
              <Object PropName="MappedTo" ObjectID="34" ClassName="Simulink.DataReferenceClass">
                <P Name="MappedTo" Class="char">StorageClass</P>
                <Object PropName="StorageClass" ObjectID="35" ClassName="Simulink.MapDataRef">
                  <P Name="UUID" Class="char">49c69b75-1e5d-4583-8e2e-adfdb3383b6e</P>
                </Object>
                <P Name="ServicePort" Class="double">[]</P>
                <P Name="CSCAttributes" Class="char"/>
                <P Name="MemorySection" Class="double">[]</P>
                <P Name="Identifier" Class="char">flag_outport</P>
              </Object>
              <P Name="BlockSID" Class="char">85</P>
              <P Name="StereotypeProperties" Class="char"/>
            </Object>
          </Array>
          <P Name="SynthesizedLocalDataStores" Class="double">[]</P>
          <P Name="RateTransitions" Class="double">[]</P>
          <P Name="SignalDataTransfers" Class="double">[]</P>
          <P Name="DataStores" Class="double">[]</P>
          <Array PropName="States" Type="Simulink.CoderDictionary.StateMapping" Dimension="1*18">
            <Object ObjectID="36">
              <P Name="StateIdentifier" Class="int32">0</P>
              <P Name="Identifier" Class="int32">0</P>
              <Object Reference="true" PropName="ParentMapping" ObjectID="4"/>
              <Object PropName="MappedTo" ObjectID="37" ClassName="Simulink.DataReferenceClass">
                <P Name="MappedTo" Class="char">StorageClass</P>
                <P Name="StorageClass" Class="double">[]</P>
                <P Name="ServicePort" Class="double">[]</P>
                <P Name="CSCAttributes" Class="char"/>
                <P Name="MemorySection" Class="double">[]</P>
                <P Name="Identifier" Class="char"/>
              </Object>
              <P Name="BlockSID" Class="char">2242</P>
              <P Name="StereotypeProperties" Class="char"/>
            </Object>
            <Object ObjectID="38">
              <P Name="StateIdentifier" Class="int32">0</P>
              <P Name="Identifier" Class="int32">0</P>
              <Object Reference="true" PropName="ParentMapping" ObjectID="4"/>
              <Object PropName="MappedTo" ObjectID="39" ClassName="Simulink.DataReferenceClass">
                <P Name="MappedTo" Class="char">StorageClass</P>
                <P Name="StorageClass" Class="double">[]</P>
                <P Name="ServicePort" Class="double">[]</P>
                <P Name="CSCAttributes" Class="char"/>
                <P Name="MemorySection" Class="double">[]</P>
                <P Name="Identifier" Class="char"/>
              </Object>
              <P Name="BlockSID" Class="char">2294</P>
              <P Name="StereotypeProperties" Class="char"/>
            </Object>
            <Object ObjectID="40">
              <P Name="StateIdentifier" Class="int32">0</P>
              <P Name="Identifier" Class="int32">0</P>
              <Object Reference="true" PropName="ParentMapping" ObjectID="4"/>
              <Object PropName="MappedTo" ObjectID="41" ClassName="Simulink.DataReferenceClass">
                <P Name="MappedTo" Class="char">StorageClass</P>
                <P Name="StorageClass" Class="double">[]</P>
                <P Name="ServicePort" Class="double">[]</P>
                <P Name="CSCAttributes" Class="char"/>
                <P Name="MemorySection" Class="double">[]</P>
                <P Name="Identifier" Class="char"/>
              </Object>
              <P Name="BlockSID" Class="char">2317</P>
              <P Name="StereotypeProperties" Class="char"/>
            </Object>
            <Object ObjectID="42">
              <P Name="StateIdentifier" Class="int32">0</P>
              <P Name="Identifier" Class="int32">0</P>
              <Object Reference="true" PropName="ParentMapping" ObjectID="4"/>
              <Object PropName="MappedTo" ObjectID="43" ClassName="Simulink.DataReferenceClass">
                <P Name="MappedTo" Class="char">StorageClass</P>
                <P Name="StorageClass" Class="double">[]</P>
                <P Name="ServicePort" Class="double">[]</P>
                <P Name="CSCAttributes" Class="char"/>
                <P Name="MemorySection" Class="double">[]</P>
                <P Name="Identifier" Class="char"/>
              </Object>
              <P Name="BlockSID" Class="char">2184</P>
              <P Name="StereotypeProperties" Class="char"/>
            </Object>
            <Object ObjectID="44">
              <P Name="StateIdentifier" Class="int32">0</P>
              <P Name="Identifier" Class="int32">0</P>
              <Object Reference="true" PropName="ParentMapping" ObjectID="4"/>
              <Object PropName="MappedTo" ObjectID="45" ClassName="Simulink.DataReferenceClass">
                <P Name="MappedTo" Class="char">StorageClass</P>
                <P Name="StorageClass" Class="double">[]</P>
                <P Name="ServicePort" Class="double">[]</P>
                <P Name="CSCAttributes" Class="char"/>
                <P Name="MemorySection" Class="double">[]</P>
                <P Name="Identifier" Class="char"/>
              </Object>
              <P Name="BlockSID" Class="char">1565</P>
              <P Name="StereotypeProperties" Class="char"/>
            </Object>
            <Object ObjectID="46">
              <P Name="StateIdentifier" Class="int32">0</P>
              <P Name="Identifier" Class="int32">0</P>
              <Object Reference="true" PropName="ParentMapping" ObjectID="4"/>
              <Object PropName="MappedTo" ObjectID="47" ClassName="Simulink.DataReferenceClass">
                <P Name="MappedTo" Class="char">StorageClass</P>
                <P Name="StorageClass" Class="double">[]</P>
                <P Name="ServicePort" Class="double">[]</P>
                <P Name="CSCAttributes" Class="char"/>
                <P Name="MemorySection" Class="double">[]</P>
                <P Name="Identifier" Class="char"/>
              </Object>
              <P Name="BlockSID" Class="char">2350</P>
              <P Name="StereotypeProperties" Class="char"/>
            </Object>
            <Object ObjectID="48">
              <P Name="StateIdentifier" Class="int32">0</P>
              <P Name="Identifier" Class="int32">0</P>
              <Object Reference="true" PropName="ParentMapping" ObjectID="4"/>
              <Object PropName="MappedTo" ObjectID="49" ClassName="Simulink.DataReferenceClass">
                <P Name="MappedTo" Class="char">StorageClass</P>
                <P Name="StorageClass" Class="double">[]</P>
                <P Name="ServicePort" Class="double">[]</P>
                <P Name="CSCAttributes" Class="char"/>
                <P Name="MemorySection" Class="double">[]</P>
                <P Name="Identifier" Class="char"/>
              </Object>
              <P Name="BlockSID" Class="char">2375</P>
              <P Name="StereotypeProperties" Class="char"/>
            </Object>
            <Object ObjectID="50">
              <P Name="StateIdentifier" Class="int32">0</P>
              <P Name="Identifier" Class="int32">0</P>
              <Object Reference="true" PropName="ParentMapping" ObjectID="4"/>
              <Object PropName="MappedTo" ObjectID="51" ClassName="Simulink.DataReferenceClass">
                <P Name="MappedTo" Class="char">StorageClass</P>
                <P Name="StorageClass" Class="double">[]</P>
                <P Name="ServicePort" Class="double">[]</P>
                <P Name="CSCAttributes" Class="char"/>
                <P Name="MemorySection" Class="double">[]</P>
                <P Name="Identifier" Class="char"/>
              </Object>
              <P Name="BlockSID" Class="char">2376</P>
              <P Name="StereotypeProperties" Class="char"/>
            </Object>
            <Object ObjectID="52">
              <P Name="StateIdentifier" Class="int32">0</P>
              <P Name="Identifier" Class="int32">0</P>
              <Object Reference="true" PropName="ParentMapping" ObjectID="4"/>
              <Object PropName="MappedTo" ObjectID="53" ClassName="Simulink.DataReferenceClass">
                <P Name="MappedTo" Class="char">StorageClass</P>
                <P Name="StorageClass" Class="double">[]</P>
                <P Name="ServicePort" Class="double">[]</P>
                <P Name="CSCAttributes" Class="char"/>
                <P Name="MemorySection" Class="double">[]</P>
                <P Name="Identifier" Class="char"/>
              </Object>
              <P Name="BlockSID" Class="char">2442</P>
              <P Name="StereotypeProperties" Class="char"/>
            </Object>
            <Object ObjectID="54">
              <P Name="StateIdentifier" Class="int32">0</P>
              <P Name="Identifier" Class="int32">0</P>
              <Object Reference="true" PropName="ParentMapping" ObjectID="4"/>
              <Object PropName="MappedTo" ObjectID="55" ClassName="Simulink.DataReferenceClass">
                <P Name="MappedTo" Class="char">StorageClass</P>
                <P Name="StorageClass" Class="double">[]</P>
                <P Name="ServicePort" Class="double">[]</P>
                <P Name="CSCAttributes" Class="char"/>
                <P Name="MemorySection" Class="double">[]</P>
                <P Name="Identifier" Class="char"/>
              </Object>
              <P Name="BlockSID" Class="char">2461</P>
              <P Name="StereotypeProperties" Class="char"/>
            </Object>
            <Object ObjectID="56">
              <P Name="StateIdentifier" Class="int32">0</P>
              <P Name="Identifier" Class="int32">0</P>
              <Object Reference="true" PropName="ParentMapping" ObjectID="4"/>
              <Object PropName="MappedTo" ObjectID="57" ClassName="Simulink.DataReferenceClass">
                <P Name="MappedTo" Class="char">StorageClass</P>
                <P Name="StorageClass" Class="double">[]</P>
                <P Name="ServicePort" Class="double">[]</P>
                <P Name="CSCAttributes" Class="char"/>
                <P Name="MemorySection" Class="double">[]</P>
                <P Name="Identifier" Class="char"/>
              </Object>
              <P Name="BlockSID" Class="char">2478</P>
              <P Name="StereotypeProperties" Class="char"/>
            </Object>
            <Object ObjectID="58">
              <P Name="StateIdentifier" Class="int32">0</P>
              <P Name="Identifier" Class="int32">0</P>
              <Object Reference="true" PropName="ParentMapping" ObjectID="4"/>
              <Object PropName="MappedTo" ObjectID="59" ClassName="Simulink.DataReferenceClass">
                <P Name="MappedTo" Class="char">StorageClass</P>
                <P Name="StorageClass" Class="double">[]</P>
                <P Name="ServicePort" Class="double">[]</P>
                <P Name="CSCAttributes" Class="char"/>
                <P Name="MemorySection" Class="double">[]</P>
                <P Name="Identifier" Class="char"/>
              </Object>
              <P Name="BlockSID" Class="char">2479</P>
              <P Name="StereotypeProperties" Class="char"/>
            </Object>
            <Object ObjectID="60">
              <P Name="StateIdentifier" Class="int32">0</P>
              <P Name="Identifier" Class="int32">0</P>
              <Object Reference="true" PropName="ParentMapping" ObjectID="4"/>
              <Object PropName="MappedTo" ObjectID="61" ClassName="Simulink.DataReferenceClass">
                <P Name="MappedTo" Class="char">StorageClass</P>
                <P Name="StorageClass" Class="double">[]</P>
                <P Name="ServicePort" Class="double">[]</P>
                <P Name="CSCAttributes" Class="char"/>
                <P Name="MemorySection" Class="double">[]</P>
                <P Name="Identifier" Class="char"/>
              </Object>
              <P Name="BlockSID" Class="char">2480</P>
              <P Name="StereotypeProperties" Class="char"/>
            </Object>
            <Object ObjectID="62">
              <P Name="StateIdentifier" Class="int32">0</P>
              <P Name="Identifier" Class="int32">0</P>
              <Object Reference="true" PropName="ParentMapping" ObjectID="4"/>
              <Object PropName="MappedTo" ObjectID="63" ClassName="Simulink.DataReferenceClass">
                <P Name="MappedTo" Class="char">StorageClass</P>
                <P Name="StorageClass" Class="double">[]</P>
                <P Name="ServicePort" Class="double">[]</P>
                <P Name="CSCAttributes" Class="char"/>
                <P Name="MemorySection" Class="double">[]</P>
                <P Name="Identifier" Class="char"/>
              </Object>
              <P Name="BlockSID" Class="char">2481</P>
              <P Name="StereotypeProperties" Class="char"/>
            </Object>
            <Object ObjectID="64">
              <P Name="StateIdentifier" Class="int32">0</P>
              <P Name="Identifier" Class="int32">0</P>
              <Object Reference="true" PropName="ParentMapping" ObjectID="4"/>
              <Object PropName="MappedTo" ObjectID="65" ClassName="Simulink.DataReferenceClass">
                <P Name="MappedTo" Class="char">StorageClass</P>
                <P Name="StorageClass" Class="double">[]</P>
                <P Name="ServicePort" Class="double">[]</P>
                <P Name="CSCAttributes" Class="char"/>
                <P Name="MemorySection" Class="double">[]</P>
                <P Name="Identifier" Class="char"/>
              </Object>
              <P Name="BlockSID" Class="char">2607</P>
              <P Name="StereotypeProperties" Class="char"/>
            </Object>
            <Object ObjectID="66">
              <P Name="StateIdentifier" Class="int32">0</P>
              <P Name="Identifier" Class="int32">0</P>
              <Object Reference="true" PropName="ParentMapping" ObjectID="4"/>
              <Object PropName="MappedTo" ObjectID="67" ClassName="Simulink.DataReferenceClass">
                <P Name="MappedTo" Class="char">StorageClass</P>
                <P Name="StorageClass" Class="double">[]</P>
                <P Name="ServicePort" Class="double">[]</P>
                <P Name="CSCAttributes" Class="char"/>
                <P Name="MemorySection" Class="double">[]</P>
                <P Name="Identifier" Class="char"/>
              </Object>
              <P Name="BlockSID" Class="char">2631</P>
              <P Name="StereotypeProperties" Class="char"/>
            </Object>
            <Object ObjectID="68">
              <P Name="StateIdentifier" Class="int32">0</P>
              <P Name="Identifier" Class="int32">0</P>
              <Object Reference="true" PropName="ParentMapping" ObjectID="4"/>
              <Object PropName="MappedTo" ObjectID="69" ClassName="Simulink.DataReferenceClass">
                <P Name="MappedTo" Class="char">StorageClass</P>
                <P Name="StorageClass" Class="double">[]</P>
                <P Name="ServicePort" Class="double">[]</P>
                <P Name="CSCAttributes" Class="char"/>
                <P Name="MemorySection" Class="double">[]</P>
                <P Name="Identifier" Class="char"/>
              </Object>
              <P Name="BlockSID" Class="char">2660</P>
              <P Name="StereotypeProperties" Class="char"/>
            </Object>
            <Object ObjectID="70">
              <P Name="StateIdentifier" Class="int32">0</P>
              <P Name="Identifier" Class="int32">0</P>
              <Object Reference="true" PropName="ParentMapping" ObjectID="4"/>
              <Object PropName="MappedTo" ObjectID="71" ClassName="Simulink.DataReferenceClass">
                <P Name="MappedTo" Class="char">StorageClass</P>
                <P Name="StorageClass" Class="double">[]</P>
                <P Name="ServicePort" Class="double">[]</P>
                <P Name="CSCAttributes" Class="char"/>
                <P Name="MemorySection" Class="double">[]</P>
                <P Name="Identifier" Class="char"/>
              </Object>
              <P Name="BlockSID" Class="char">2721</P>
              <P Name="StereotypeProperties" Class="char"/>
            </Object>
          </Array>
          <Object PropName="DefaultsMapping" ObjectID="72" ClassName="Simulink.CoderDictionary.DefaultsMapping">
            <Object Reference="true" PropName="ParentMapping" ObjectID="4"/>
            <Object PropName="Inports" ObjectID="73" ClassName="Simulink.DataReferenceClass">
              <P Name="MappedTo" Class="char">StorageClass</P>
              <P Name="StorageClass" Class="double">[]</P>
              <P Name="ServicePort" Class="double">[]</P>
              <P Name="CSCAttributes" Class="char"/>
              <P Name="MemorySection" Class="double">[]</P>
              <P Name="Identifier" Class="char"/>
            </Object>
            <Object PropName="Outports" ObjectID="74" ClassName="Simulink.DataReferenceClass">
              <P Name="MappedTo" Class="char">StorageClass</P>
              <P Name="StorageClass" Class="double">[]</P>
              <P Name="ServicePort" Class="double">[]</P>
              <P Name="CSCAttributes" Class="char"/>
              <P Name="MemorySection" Class="double">[]</P>
              <P Name="Identifier" Class="char"/>
            </Object>
            <Object PropName="GlobalParameters" ObjectID="75" ClassName="Simulink.DataReferenceClass">
              <P Name="MappedTo" Class="char">StorageClass</P>
              <P Name="StorageClass" Class="double">[]</P>
              <P Name="ServicePort" Class="double">[]</P>
              <P Name="CSCAttributes" Class="char"/>
              <P Name="MemorySection" Class="double">[]</P>
              <P Name="Identifier" Class="char"/>
            </Object>
            <Object PropName="SharedParameters" ObjectID="76" ClassName="Simulink.DataReferenceClass">
              <P Name="MappedTo" Class="char">StorageClass</P>
              <P Name="StorageClass" Class="double">[]</P>
              <P Name="ServicePort" Class="double">[]</P>
              <P Name="CSCAttributes" Class="char"/>
              <P Name="MemorySection" Class="double">[]</P>
              <P Name="Identifier" Class="char"/>
            </Object>
            <Object PropName="PerInstanceParameters" ObjectID="77" ClassName="Simulink.DataReferenceClass">
              <P Name="MappedTo" Class="char">StorageClass</P>
              <P Name="StorageClass" Class="double">[]</P>
              <P Name="ServicePort" Class="double">[]</P>
              <P Name="CSCAttributes" Class="char"/>
              <P Name="MemorySection" Class="double">[]</P>
              <P Name="Identifier" Class="char"/>
            </Object>
            <Object PropName="SharedLocalDataStores" ObjectID="78" ClassName="Simulink.DataReferenceClass">
              <P Name="MappedTo" Class="char">StorageClass</P>
              <P Name="StorageClass" Class="double">[]</P>
              <P Name="ServicePort" Class="double">[]</P>
              <P Name="CSCAttributes" Class="char"/>
              <P Name="MemorySection" Class="double">[]</P>
              <P Name="Identifier" Class="char"/>
            </Object>
            <Object PropName="GlobalDataStores" ObjectID="79" ClassName="Simulink.DataReferenceClass">
              <P Name="MappedTo" Class="char">StorageClass</P>
              <P Name="StorageClass" Class="double">[]</P>
              <P Name="ServicePort" Class="double">[]</P>
              <P Name="CSCAttributes" Class="char"/>
              <P Name="MemorySection" Class="double">[]</P>
              <P Name="Identifier" Class="char"/>
            </Object>
            <Object PropName="InternalData" ObjectID="80" ClassName="Simulink.DataReferenceClass">
              <P Name="MappedTo" Class="char">StorageClass</P>
              <P Name="StorageClass" Class="double">[]</P>
              <P Name="ServicePort" Class="double">[]</P>
              <P Name="CSCAttributes" Class="char"/>
              <P Name="MemorySection" Class="double">[]</P>
              <P Name="Identifier" Class="char"/>
            </Object>
            <Object PropName="Constants" ObjectID="81" ClassName="Simulink.DataReferenceClass">
              <P Name="MappedTo" Class="char">StorageClass</P>
              <P Name="StorageClass" Class="double">[]</P>
              <P Name="ServicePort" Class="double">[]</P>
              <P Name="CSCAttributes" Class="char"/>
              <P Name="MemorySection" Class="double">[]</P>
              <P Name="Identifier" Class="char"/>
            </Object>
            <Object PropName="InitTermFunctions" ObjectID="82" ClassName="Simulink.FunctionReferenceClass">
              <P Name="FunctionClass" Class="double">[]</P>
              <P Name="MemorySection" Class="double">[]</P>
            </Object>
            <Object PropName="ExecutionFunctions" ObjectID="83" ClassName="Simulink.FunctionReferenceClass">
              <P Name="FunctionClass" Class="double">[]</P>
              <P Name="MemorySection" Class="double">[]</P>
            </Object>
            <Object PropName="SharedUtilityFunctions" ObjectID="84" ClassName="Simulink.FunctionReferenceClass">
              <P Name="FunctionClass" Class="double">[]</P>
              <P Name="MemorySection" Class="double">[]</P>
            </Object>
          </Object>
          <P Name="isFunctionPlatform" Class="logical">0</P>
          <P Name="DeploymentType" Class="char">Unset</P>
          <P Name="Name" Class="char">flightControlSystem_c</P>
          <P Name="Active" Class="logical">1</P>
        </Object>
        <Object ObjectID="85" ClassName="Simulink.CoderDictionary.ModelMappingSLC">
          <P Name="DummyName" Class="char"/>
          <Array PropName="Inports" Type="Simulink.CoderDictionary.InportsMapping" Dimension="1*3">
            <Object ObjectID="86">
              <Object PropName="MappedTo" ObjectID="87" ClassName="Simulink.DataReferenceClass">
                <P Name="MappedTo" Class="char">StorageClass</P>
                <Object PropName="StorageClass" ObjectID="88" ClassName="Simulink.MapDataRef">
                  <P Name="UUID" Class="char">49c69b75-1e5d-4583-8e2e-adfdb3383b6e</P>
                </Object>
                <P Name="ServicePort" Class="double">[]</P>
                <P Name="CSCAttributes" Class="char"/>
                <P Name="MemorySection" Class="double">[]</P>
                <P Name="Identifier" Class="char">cmd_inport</P>
              </Object>
              <P Name="StereotypeProperties" Class="char"/>
              <Object Reference="true" PropName="ParentMapping" ObjectID="85"/>
            </Object>
            <Object ObjectID="89">
              <Object PropName="MappedTo" ObjectID="90" ClassName="Simulink.DataReferenceClass">
                <P Name="MappedTo" Class="char">StorageClass</P>
                <Object PropName="StorageClass" ObjectID="91" ClassName="Simulink.MapDataRef">
                  <P Name="UUID" Class="char">49c69b75-1e5d-4583-8e2e-adfdb3383b6e</P>
                </Object>
                <P Name="ServicePort" Class="double">[]</P>
                <P Name="CSCAttributes" Class="char"/>
                <P Name="MemorySection" Class="double">[]</P>
                <P Name="Identifier" Class="char">sensor_inport</P>
              </Object>
              <P Name="StereotypeProperties" Class="char"/>
              <Object Reference="true" PropName="ParentMapping" ObjectID="85"/>
            </Object>
            <Object ObjectID="92">
              <Object PropName="MappedTo" ObjectID="93" ClassName="Simulink.DataReferenceClass">
                <P Name="MappedTo" Class="char">StorageClass</P>
                <Object PropName="StorageClass" ObjectID="94" ClassName="Simulink.MapDataRef">
                  <P Name="UUID" Class="char">3d00140e-9905-495b-b543-bd24ca564783</P>
                </Object>
                <P Name="ServicePort" Class="double">[]</P>
                <P Name="CSCAttributes" Class="char"/>
                <P Name="MemorySection" Class="double">[]</P>
                <P Name="Identifier" Class="char">imRGB</P>
              </Object>
              <P Name="StereotypeProperties" Class="char"/>
              <Object Reference="true" PropName="ParentMapping" ObjectID="85"/>
            </Object>
          </Array>
          <Array PropName="Outports" Type="Simulink.CoderDictionary.OutportsMapping" Dimension="1*2">
            <Object ObjectID="95">
              <Object PropName="MappedTo" ObjectID="96" ClassName="Simulink.DataReferenceClass">
                <P Name="MappedTo" Class="char">StorageClass</P>
                <P Name="StorageClass" Class="double">[]</P>
                <P Name="ServicePort" Class="double">[]</P>
                <P Name="CSCAttributes" Class="char"/>
                <P Name="MemorySection" Class="double">[]</P>
                <P Name="Identifier" Class="char"/>
              </Object>
              <P Name="StereotypeProperties" Class="char"/>
              <Object Reference="true" PropName="ParentMapping" ObjectID="85"/>
            </Object>
            <Object ObjectID="97">
              <Object PropName="MappedTo" ObjectID="98" ClassName="Simulink.DataReferenceClass">
                <P Name="MappedTo" Class="char">StorageClass</P>
                <P Name="StorageClass" Class="double">[]</P>
                <P Name="ServicePort" Class="double">[]</P>
                <P Name="CSCAttributes" Class="char"/>
                <P Name="MemorySection" Class="double">[]</P>
                <P Name="Identifier" Class="char"/>
              </Object>
              <P Name="StereotypeProperties" Class="char"/>
              <Object Reference="true" PropName="ParentMapping" ObjectID="85"/>
            </Object>
          </Array>
          <P Name="ModelScopedParameters" Class="double">[]</P>
          <P Name="Parameters" Class="double">[]</P>
          <Array PropName="Signals" Type="Simulink.CoderDictionary.SignalMapping" Dimension="1*2">
            <Object ObjectID="99">
              <P Name="OutputPort" Class="int32">0</P>
              <Object Reference="true" PropName="ParentMapping" ObjectID="85"/>
              <Object PropName="MappedTo" ObjectID="100" ClassName="Simulink.DataReferenceClass">
                <P Name="MappedTo" Class="char">StorageClass</P>
                <Object PropName="StorageClass" ObjectID="101" ClassName="Simulink.MapDataRef">
                  <P Name="UUID" Class="char">49c69b75-1e5d-4583-8e2e-adfdb3383b6e</P>
                </Object>
                <P Name="ServicePort" Class="double">[]</P>
                <P Name="CSCAttributes" Class="char"/>
                <P Name="MemorySection" Class="double">[]</P>
                <P Name="Identifier" Class="char">motors_outport</P>
              </Object>
              <P Name="BlockSID" Class="char">85</P>
              <P Name="StereotypeProperties" Class="char"/>
            </Object>
            <Object ObjectID="102">
              <P Name="OutputPort" Class="int32">1</P>
              <Object Reference="true" PropName="ParentMapping" ObjectID="85"/>
              <Object PropName="MappedTo" ObjectID="103" ClassName="Simulink.DataReferenceClass">
                <P Name="MappedTo" Class="char">StorageClass</P>
                <Object PropName="StorageClass" ObjectID="104" ClassName="Simulink.MapDataRef">
                  <P Name="UUID" Class="char">49c69b75-1e5d-4583-8e2e-adfdb3383b6e</P>
                </Object>
                <P Name="ServicePort" Class="double">[]</P>
                <P Name="CSCAttributes" Class="char"/>
                <P Name="MemorySection" Class="double">[]</P>
                <P Name="Identifier" Class="char">flag_outport</P>
              </Object>
              <P Name="BlockSID" Class="char">85</P>
              <P Name="StereotypeProperties" Class="char"/>
            </Object>
          </Array>
          <P Name="DataStores" Class="double">[]</P>
          <Array PropName="States" Type="Simulink.CoderDictionary.StateMapping" Dimension="1*23">
            <Object ObjectID="105">
              <P Name="StateIdentifier" Class="int32">0</P>
              <P Name="Identifier" Class="int32">0</P>
              <Object Reference="true" PropName="ParentMapping" ObjectID="85"/>
              <Object PropName="MappedTo" ObjectID="106" ClassName="Simulink.DataReferenceClass">
                <P Name="MappedTo" Class="char">StorageClass</P>
                <P Name="StorageClass" Class="double">[]</P>
                <P Name="ServicePort" Class="double">[]</P>
                <P Name="CSCAttributes" Class="char"/>
                <P Name="MemorySection" Class="double">[]</P>
                <P Name="Identifier" Class="char"/>
              </Object>
              <P Name="BlockSID" Class="char">2184</P>
              <P Name="StereotypeProperties" Class="char"/>
            </Object>
            <Object ObjectID="107">
              <P Name="StateIdentifier" Class="int32">0</P>
              <P Name="Identifier" Class="int32">0</P>
              <Object Reference="true" PropName="ParentMapping" ObjectID="85"/>
              <Object PropName="MappedTo" ObjectID="108" ClassName="Simulink.DataReferenceClass">
                <P Name="MappedTo" Class="char">StorageClass</P>
                <P Name="StorageClass" Class="double">[]</P>
                <P Name="ServicePort" Class="double">[]</P>
                <P Name="CSCAttributes" Class="char"/>
                <P Name="MemorySection" Class="double">[]</P>
                <P Name="Identifier" Class="char"/>
              </Object>
              <P Name="BlockSID" Class="char">1565</P>
              <P Name="StereotypeProperties" Class="char"/>
            </Object>
            <Object ObjectID="109">
              <P Name="StateIdentifier" Class="int32">0</P>
              <P Name="Identifier" Class="int32">0</P>
              <Object Reference="true" PropName="ParentMapping" ObjectID="85"/>
              <Object PropName="MappedTo" ObjectID="110" ClassName="Simulink.DataReferenceClass">
                <P Name="MappedTo" Class="char">StorageClass</P>
                <P Name="StorageClass" Class="double">[]</P>
                <P Name="ServicePort" Class="double">[]</P>
                <P Name="CSCAttributes" Class="char"/>
                <P Name="MemorySection" Class="double">[]</P>
                <P Name="Identifier" Class="char"/>
              </Object>
              <P Name="BlockSID" Class="char">2242</P>
              <P Name="StereotypeProperties" Class="char"/>
            </Object>
            <Object ObjectID="111">
              <P Name="StateIdentifier" Class="int32">0</P>
              <P Name="Identifier" Class="int32">0</P>
              <Object Reference="true" PropName="ParentMapping" ObjectID="85"/>
              <Object PropName="MappedTo" ObjectID="112" ClassName="Simulink.DataReferenceClass">
                <P Name="MappedTo" Class="char">StorageClass</P>
                <P Name="StorageClass" Class="double">[]</P>
                <P Name="ServicePort" Class="double">[]</P>
                <P Name="CSCAttributes" Class="char"/>
                <P Name="MemorySection" Class="double">[]</P>
                <P Name="Identifier" Class="char"/>
              </Object>
              <P Name="BlockSID" Class="char">2294</P>
              <P Name="StereotypeProperties" Class="char"/>
            </Object>
            <Object ObjectID="113">
              <P Name="StateIdentifier" Class="int32">0</P>
              <P Name="Identifier" Class="int32">0</P>
              <Object Reference="true" PropName="ParentMapping" ObjectID="85"/>
              <Object PropName="MappedTo" ObjectID="114" ClassName="Simulink.DataReferenceClass">
                <P Name="MappedTo" Class="char">StorageClass</P>
                <P Name="StorageClass" Class="double">[]</P>
                <P Name="ServicePort" Class="double">[]</P>
                <P Name="CSCAttributes" Class="char"/>
                <P Name="MemorySection" Class="double">[]</P>
                <P Name="Identifier" Class="char"/>
              </Object>
              <P Name="BlockSID" Class="char">2317</P>
              <P Name="StereotypeProperties" Class="char"/>
            </Object>
            <Object ObjectID="115">
              <P Name="StateIdentifier" Class="int32">0</P>
              <P Name="Identifier" Class="int32">0</P>
              <Object Reference="true" PropName="ParentMapping" ObjectID="85"/>
              <Object PropName="MappedTo" ObjectID="116" ClassName="Simulink.DataReferenceClass">
                <P Name="MappedTo" Class="char">StorageClass</P>
                <P Name="StorageClass" Class="double">[]</P>
                <P Name="ServicePort" Class="double">[]</P>
                <P Name="CSCAttributes" Class="char"/>
                <P Name="MemorySection" Class="double">[]</P>
                <P Name="Identifier" Class="char"/>
              </Object>
              <P Name="BlockSID" Class="char">2350</P>
              <P Name="StereotypeProperties" Class="char"/>
            </Object>
            <Object ObjectID="117">
              <P Name="StateIdentifier" Class="int32">0</P>
              <P Name="Identifier" Class="int32">0</P>
              <Object Reference="true" PropName="ParentMapping" ObjectID="85"/>
              <Object PropName="MappedTo" ObjectID="118" ClassName="Simulink.DataReferenceClass">
                <P Name="MappedTo" Class="char">StorageClass</P>
                <P Name="StorageClass" Class="double">[]</P>
                <P Name="ServicePort" Class="double">[]</P>
                <P Name="CSCAttributes" Class="char"/>
                <P Name="MemorySection" Class="double">[]</P>
                <P Name="Identifier" Class="char"/>
              </Object>
              <P Name="BlockSID" Class="char">2375</P>
              <P Name="StereotypeProperties" Class="char"/>
            </Object>
            <Object ObjectID="119">
              <P Name="StateIdentifier" Class="int32">0</P>
              <P Name="Identifier" Class="int32">0</P>
              <Object Reference="true" PropName="ParentMapping" ObjectID="85"/>
              <Object PropName="MappedTo" ObjectID="120" ClassName="Simulink.DataReferenceClass">
                <P Name="MappedTo" Class="char">StorageClass</P>
                <P Name="StorageClass" Class="double">[]</P>
                <P Name="ServicePort" Class="double">[]</P>
                <P Name="CSCAttributes" Class="char"/>
                <P Name="MemorySection" Class="double">[]</P>
                <P Name="Identifier" Class="char"/>
              </Object>
              <P Name="BlockSID" Class="char">2376</P>
              <P Name="StereotypeProperties" Class="char"/>
            </Object>
            <Object ObjectID="121">
              <P Name="StateIdentifier" Class="int32">0</P>
              <P Name="Identifier" Class="int32">0</P>
              <Object Reference="true" PropName="ParentMapping" ObjectID="85"/>
              <Object PropName="MappedTo" ObjectID="122" ClassName="Simulink.DataReferenceClass">
                <P Name="MappedTo" Class="char">StorageClass</P>
                <P Name="StorageClass" Class="double">[]</P>
                <P Name="ServicePort" Class="double">[]</P>
                <P Name="CSCAttributes" Class="char"/>
                <P Name="MemorySection" Class="double">[]</P>
                <P Name="Identifier" Class="char"/>
              </Object>
              <P Name="BlockSID" Class="char">2442</P>
              <P Name="StereotypeProperties" Class="char"/>
            </Object>
            <Object ObjectID="123">
              <P Name="StateIdentifier" Class="int32">0</P>
              <P Name="Identifier" Class="int32">0</P>
              <Object Reference="true" PropName="ParentMapping" ObjectID="85"/>
              <Object PropName="MappedTo" ObjectID="124" ClassName="Simulink.DataReferenceClass">
                <P Name="MappedTo" Class="char">StorageClass</P>
                <P Name="StorageClass" Class="double">[]</P>
                <P Name="ServicePort" Class="double">[]</P>
                <P Name="CSCAttributes" Class="char"/>
                <P Name="MemorySection" Class="double">[]</P>
                <P Name="Identifier" Class="char"/>
              </Object>
              <P Name="BlockSID" Class="char">2461</P>
              <P Name="StereotypeProperties" Class="char"/>
            </Object>
            <Object ObjectID="125">
              <P Name="StateIdentifier" Class="int32">0</P>
              <P Name="Identifier" Class="int32">0</P>
              <Object Reference="true" PropName="ParentMapping" ObjectID="85"/>
              <Object PropName="MappedTo" ObjectID="126" ClassName="Simulink.DataReferenceClass">
                <P Name="MappedTo" Class="char">StorageClass</P>
                <P Name="StorageClass" Class="double">[]</P>
                <P Name="ServicePort" Class="double">[]</P>
                <P Name="CSCAttributes" Class="char"/>
                <P Name="MemorySection" Class="double">[]</P>
                <P Name="Identifier" Class="char"/>
              </Object>
              <P Name="BlockSID" Class="char">2478</P>
              <P Name="StereotypeProperties" Class="char"/>
            </Object>
            <Object ObjectID="127">
              <P Name="StateIdentifier" Class="int32">0</P>
              <P Name="Identifier" Class="int32">0</P>
              <Object Reference="true" PropName="ParentMapping" ObjectID="85"/>
              <Object PropName="MappedTo" ObjectID="128" ClassName="Simulink.DataReferenceClass">
                <P Name="MappedTo" Class="char">StorageClass</P>
                <P Name="StorageClass" Class="double">[]</P>
                <P Name="ServicePort" Class="double">[]</P>
                <P Name="CSCAttributes" Class="char"/>
                <P Name="MemorySection" Class="double">[]</P>
                <P Name="Identifier" Class="char"/>
              </Object>
              <P Name="BlockSID" Class="char">2479</P>
              <P Name="StereotypeProperties" Class="char"/>
            </Object>
            <Object ObjectID="129">
              <P Name="StateIdentifier" Class="int32">0</P>
              <P Name="Identifier" Class="int32">0</P>
              <Object Reference="true" PropName="ParentMapping" ObjectID="85"/>
              <Object PropName="MappedTo" ObjectID="130" ClassName="Simulink.DataReferenceClass">
                <P Name="MappedTo" Class="char">StorageClass</P>
                <P Name="StorageClass" Class="double">[]</P>
                <P Name="ServicePort" Class="double">[]</P>
                <P Name="CSCAttributes" Class="char"/>
                <P Name="MemorySection" Class="double">[]</P>
                <P Name="Identifier" Class="char"/>
              </Object>
              <P Name="BlockSID" Class="char">2480</P>
              <P Name="StereotypeProperties" Class="char"/>
            </Object>
            <Object ObjectID="131">
              <P Name="StateIdentifier" Class="int32">0</P>
              <P Name="Identifier" Class="int32">0</P>
              <Object Reference="true" PropName="ParentMapping" ObjectID="85"/>
              <Object PropName="MappedTo" ObjectID="132" ClassName="Simulink.DataReferenceClass">
                <P Name="MappedTo" Class="char">StorageClass</P>
                <P Name="StorageClass" Class="double">[]</P>
                <P Name="ServicePort" Class="double">[]</P>
                <P Name="CSCAttributes" Class="char"/>
                <P Name="MemorySection" Class="double">[]</P>
                <P Name="Identifier" Class="char"/>
              </Object>
              <P Name="BlockSID" Class="char">2481</P>
              <P Name="StereotypeProperties" Class="char"/>
            </Object>
            <Object ObjectID="133">
              <P Name="StateIdentifier" Class="int32">0</P>
              <P Name="Identifier" Class="int32">0</P>
              <Object Reference="true" PropName="ParentMapping" ObjectID="85"/>
              <Object PropName="MappedTo" ObjectID="134" ClassName="Simulink.DataReferenceClass">
                <P Name="MappedTo" Class="char">StorageClass</P>
                <P Name="StorageClass" Class="double">[]</P>
                <P Name="ServicePort" Class="double">[]</P>
                <P Name="CSCAttributes" Class="char"/>
                <P Name="MemorySection" Class="double">[]</P>
                <P Name="Identifier" Class="char"/>
              </Object>
              <P Name="BlockSID" Class="char">2607</P>
              <P Name="StereotypeProperties" Class="char"/>
            </Object>
            <Object ObjectID="135">
              <P Name="StateIdentifier" Class="int32">0</P>
              <P Name="Identifier" Class="int32">0</P>
              <Object Reference="true" PropName="ParentMapping" ObjectID="85"/>
              <Object PropName="MappedTo" ObjectID="136" ClassName="Simulink.DataReferenceClass">
                <P Name="MappedTo" Class="char">StorageClass</P>
                <P Name="StorageClass" Class="double">[]</P>
                <P Name="ServicePort" Class="double">[]</P>
                <P Name="CSCAttributes" Class="char"/>
                <P Name="MemorySection" Class="double">[]</P>
                <P Name="Identifier" Class="char"/>
              </Object>
              <P Name="BlockSID" Class="char">2631</P>
              <P Name="StereotypeProperties" Class="char"/>
            </Object>
            <Object ObjectID="137">
              <P Name="StateIdentifier" Class="int32">0</P>
              <P Name="Identifier" Class="int32">0</P>
              <Object Reference="true" PropName="ParentMapping" ObjectID="85"/>
              <Object PropName="MappedTo" ObjectID="138" ClassName="Simulink.DataReferenceClass">
                <P Name="MappedTo" Class="char">StorageClass</P>
                <P Name="StorageClass" Class="double">[]</P>
                <P Name="ServicePort" Class="double">[]</P>
                <P Name="CSCAttributes" Class="char"/>
                <P Name="MemorySection" Class="double">[]</P>
                <P Name="Identifier" Class="char"/>
              </Object>
              <P Name="BlockSID" Class="char">2660</P>
              <P Name="StereotypeProperties" Class="char"/>
            </Object>
            <Object ObjectID="139">
              <P Name="StateIdentifier" Class="int32">0</P>
              <P Name="Identifier" Class="int32">0</P>
              <Object Reference="true" PropName="ParentMapping" ObjectID="85"/>
              <Object PropName="MappedTo" ObjectID="140" ClassName="Simulink.DataReferenceClass">
                <P Name="MappedTo" Class="char">StorageClass</P>
                <P Name="StorageClass" Class="double">[]</P>
                <P Name="ServicePort" Class="double">[]</P>
                <P Name="CSCAttributes" Class="char"/>
                <P Name="MemorySection" Class="double">[]</P>
                <P Name="Identifier" Class="char"/>
              </Object>
              <P Name="BlockSID" Class="char">2260:843</P>
              <P Name="StereotypeProperties" Class="char"/>
            </Object>
            <Object ObjectID="141">
              <P Name="StateIdentifier" Class="int32">0</P>
              <P Name="Identifier" Class="int32">0</P>
              <Object Reference="true" PropName="ParentMapping" ObjectID="85"/>
              <Object PropName="MappedTo" ObjectID="142" ClassName="Simulink.DataReferenceClass">
                <P Name="MappedTo" Class="char">StorageClass</P>
                <P Name="StorageClass" Class="double">[]</P>
                <P Name="ServicePort" Class="double">[]</P>
                <P Name="CSCAttributes" Class="char"/>
                <P Name="MemorySection" Class="double">[]</P>
                <P Name="Identifier" Class="char"/>
              </Object>
              <P Name="BlockSID" Class="char">2260:737</P>
              <P Name="StereotypeProperties" Class="char"/>
            </Object>
            <Object ObjectID="143">
              <P Name="StateIdentifier" Class="int32">0</P>
              <P Name="Identifier" Class="int32">0</P>
              <Object Reference="true" PropName="ParentMapping" ObjectID="85"/>
              <Object PropName="MappedTo" ObjectID="144" ClassName="Simulink.DataReferenceClass">
                <P Name="MappedTo" Class="char">StorageClass</P>
                <P Name="StorageClass" Class="double">[]</P>
                <P Name="ServicePort" Class="double">[]</P>
                <P Name="CSCAttributes" Class="char"/>
                <P Name="MemorySection" Class="double">[]</P>
                <P Name="Identifier" Class="char"/>
              </Object>
              <P Name="BlockSID" Class="char">2260:723</P>
              <P Name="StereotypeProperties" Class="char"/>
            </Object>
            <Object ObjectID="145">
              <P Name="StateIdentifier" Class="int32">0</P>
              <P Name="Identifier" Class="int32">0</P>
              <Object Reference="true" PropName="ParentMapping" ObjectID="85"/>
              <Object PropName="MappedTo" ObjectID="146" ClassName="Simulink.DataReferenceClass">
                <P Name="MappedTo" Class="char">StorageClass</P>
                <P Name="StorageClass" Class="double">[]</P>
                <P Name="ServicePort" Class="double">[]</P>
                <P Name="CSCAttributes" Class="char"/>
                <P Name="MemorySection" Class="double">[]</P>
                <P Name="Identifier" Class="char"/>
              </Object>
              <P Name="BlockSID" Class="char">2260:748</P>
              <P Name="StereotypeProperties" Class="char"/>
            </Object>
            <Object ObjectID="147">
              <P Name="StateIdentifier" Class="int32">0</P>
              <P Name="Identifier" Class="int32">0</P>
              <Object Reference="true" PropName="ParentMapping" ObjectID="85"/>
              <Object PropName="MappedTo" ObjectID="148" ClassName="Simulink.DataReferenceClass">
                <P Name="MappedTo" Class="char">StorageClass</P>
                <P Name="StorageClass" Class="double">[]</P>
                <P Name="ServicePort" Class="double">[]</P>
                <P Name="CSCAttributes" Class="char"/>
                <P Name="MemorySection" Class="double">[]</P>
                <P Name="Identifier" Class="char"/>
              </Object>
              <P Name="BlockSID" Class="char">2301:843</P>
              <P Name="StereotypeProperties" Class="char"/>
            </Object>
            <Object ObjectID="149">
              <P Name="StateIdentifier" Class="int32">0</P>
              <P Name="Identifier" Class="int32">0</P>
              <Object Reference="true" PropName="ParentMapping" ObjectID="85"/>
              <Object PropName="MappedTo" ObjectID="150" ClassName="Simulink.DataReferenceClass">
                <P Name="MappedTo" Class="char">StorageClass</P>
                <P Name="StorageClass" Class="double">[]</P>
                <P Name="ServicePort" Class="double">[]</P>
                <P Name="CSCAttributes" Class="char"/>
                <P Name="MemorySection" Class="double">[]</P>
                <P Name="Identifier" Class="char"/>
              </Object>
              <P Name="BlockSID" Class="char">2721</P>
              <P Name="StereotypeProperties" Class="char"/>
            </Object>
          </Array>
          <Object PropName="DefaultsMapping" ObjectID="151" ClassName="Simulink.CoderDictionary.DefaultsMapping">
            <Object Reference="true" PropName="ParentMapping" ObjectID="85"/>
            <Object PropName="Inports" ObjectID="152" ClassName="Simulink.DataReferenceClass">
              <P Name="MappedTo" Class="char">StorageClass</P>
              <P Name="StorageClass" Class="double">[]</P>
              <P Name="ServicePort" Class="double">[]</P>
              <P Name="CSCAttributes" Class="char"/>
              <P Name="MemorySection" Class="double">[]</P>
              <P Name="Identifier" Class="char"/>
            </Object>
            <Object PropName="Outports" ObjectID="153" ClassName="Simulink.DataReferenceClass">
              <P Name="MappedTo" Class="char">StorageClass</P>
              <P Name="StorageClass" Class="double">[]</P>
              <P Name="ServicePort" Class="double">[]</P>
              <P Name="CSCAttributes" Class="char"/>
              <P Name="MemorySection" Class="double">[]</P>
              <P Name="Identifier" Class="char"/>
            </Object>
            <Object PropName="GlobalParameters" ObjectID="154" ClassName="Simulink.DataReferenceClass">
              <P Name="MappedTo" Class="char">StorageClass</P>
              <P Name="StorageClass" Class="double">[]</P>
              <P Name="ServicePort" Class="double">[]</P>
              <P Name="CSCAttributes" Class="char"/>
              <P Name="MemorySection" Class="double">[]</P>
              <P Name="Identifier" Class="char"/>
            </Object>
            <Object PropName="SharedParameters" ObjectID="155" ClassName="Simulink.DataReferenceClass">
              <P Name="MappedTo" Class="char">StorageClass</P>
              <P Name="StorageClass" Class="double">[]</P>
              <P Name="ServicePort" Class="double">[]</P>
              <P Name="CSCAttributes" Class="char"/>
              <P Name="MemorySection" Class="double">[]</P>
              <P Name="Identifier" Class="char"/>
            </Object>
            <Object PropName="PerInstanceParameters" ObjectID="156" ClassName="Simulink.DataReferenceClass">
              <P Name="MappedTo" Class="char">StorageClass</P>
              <P Name="StorageClass" Class="double">[]</P>
              <P Name="ServicePort" Class="double">[]</P>
              <P Name="CSCAttributes" Class="char"/>
              <P Name="MemorySection" Class="double">[]</P>
              <P Name="Identifier" Class="char"/>
            </Object>
            <Object PropName="SharedLocalDataStores" ObjectID="157" ClassName="Simulink.DataReferenceClass">
              <P Name="MappedTo" Class="char">StorageClass</P>
              <P Name="StorageClass" Class="double">[]</P>
              <P Name="ServicePort" Class="double">[]</P>
              <P Name="CSCAttributes" Class="char"/>
              <P Name="MemorySection" Class="double">[]</P>
              <P Name="Identifier" Class="char"/>
            </Object>
            <Object PropName="GlobalDataStores" ObjectID="158" ClassName="Simulink.DataReferenceClass">
              <P Name="MappedTo" Class="char">StorageClass</P>
              <P Name="StorageClass" Class="double">[]</P>
              <P Name="ServicePort" Class="double">[]</P>
              <P Name="CSCAttributes" Class="char"/>
              <P Name="MemorySection" Class="double">[]</P>
              <P Name="Identifier" Class="char"/>
            </Object>
            <Object PropName="InternalData" ObjectID="159" ClassName="Simulink.DataReferenceClass">
              <P Name="MappedTo" Class="char">StorageClass</P>
              <P Name="StorageClass" Class="double">[]</P>
              <P Name="ServicePort" Class="double">[]</P>
              <P Name="CSCAttributes" Class="char"/>
              <P Name="MemorySection" Class="double">[]</P>
              <P Name="Identifier" Class="char"/>
            </Object>
            <Object PropName="Constants" ObjectID="160" ClassName="Simulink.DataReferenceClass">
              <P Name="MappedTo" Class="char">StorageClass</P>
              <P Name="StorageClass" Class="double">[]</P>
              <P Name="ServicePort" Class="double">[]</P>
              <P Name="CSCAttributes" Class="char"/>
              <P Name="MemorySection" Class="double">[]</P>
              <P Name="Identifier" Class="char"/>
            </Object>
            <Object PropName="InitTermFunctions" ObjectID="161" ClassName="Simulink.FunctionReferenceClass">
              <P Name="FunctionClass" Class="double">[]</P>
              <P Name="MemorySection" Class="double">[]</P>
            </Object>
            <Object PropName="ExecutionFunctions" ObjectID="162" ClassName="Simulink.FunctionReferenceClass">
              <P Name="FunctionClass" Class="double">[]</P>
              <P Name="MemorySection" Class="double">[]</P>
            </Object>
            <Object PropName="SharedUtilityFunctions" ObjectID="163" ClassName="Simulink.FunctionReferenceClass">
              <P Name="FunctionClass" Class="double">[]</P>
              <P Name="MemorySection" Class="double">[]</P>
            </Object>
          </Object>
          <P Name="Name" Class="char">flightControlSystem_SLC</P>
          <P Name="Active" Class="logical">1</P>
        </Object>
      </Array>
    </ConcurrentExecutionSettings>
    <System Ref="system_root"/>
  </Model>
</ModelInformation>
