<?xml version="1.0" encoding="UTF-8"?>
<MF0 version="1.1" defaultPackage="coderdictionary.data" packageUris="http://schema.mathworks.com/mf0/coderdictionary_data/R2024b http://schema.mathworks.com/mf0/coderdictionary_data/R2024b/coderdictionary.data">
  <Container type="Container" uuid="e872ea38-60fc-4a31-94f8-37694b9e0196">
    <ReferencedContainers type="ReferenceContainerInfo" uuid="621a4023-9136-41bb-aa06-c4ae45e529b9">
      <Name>SimulinkBuiltin</Name>
    </ReferencedContainers>
    <ReferencedContainers type="ReferenceContainerInfo" uuid="fcaa2513-c6fd-4561-a33f-4243c0836f0c">
      <Name>Simulink</Name>
    </ReferencedContainers>
    <CDefinitions type="C_Definitions" uuid="c251076d-2ef4-4e70-a919-a13360f5d4e5">
      <SoftwareComponentTemplates type="SoftwareComponentTemplate" uuid="7797d275-62ec-42b8-970b-8821772309e8">
        <Name>CODER_DICTIONARY</Name>
        <Constants type="DataConfiguration" uuid="65eef34e-b36f-4625-98cd-65d30b47e18d">
          <category>Constants</category>
        </Constants>
        <DataTransfers type="DataConfiguration" uuid="4914a9b3-82c8-4ec5-b7a3-6195f1b6bc05">
          <category>DataTransfers</category>
        </DataTransfers>
        <Execution type="FunctionConfiguration" uuid="681a4efa-f784-44a1-9d2e-e7b46bd93725"/>
        <GlobalDataStores type="DataConfiguration" uuid="39c6f546-0f73-4a28-9c59-460948c2bdea">
          <category>GlobalDataStores</category>
        </GlobalDataStores>
        <GlobalParameters type="DataConfiguration" uuid="42d4e39d-9a14-48cc-b8d5-4f06ef71278f">
          <category>GlobalParameters</category>
        </GlobalParameters>
        <InitializeTerminate type="FunctionConfiguration" uuid="a099b1db-1e7a-44bc-af44-cf547ae68bf0"/>
        <Inports type="DataConfiguration" uuid="3b9719a1-4e7b-4e3a-aa52-ff4573d88fdc">
          <category>Inports</category>
        </Inports>
        <InternalData type="DataConfiguration" uuid="553b8efd-f098-4e8e-989a-b484763950d4">
          <category>InternalData</category>
        </InternalData>
        <LocalParameters type="DataConfiguration" uuid="eac46d2a-1dbc-4e32-9fe5-5b1c7f0f234b">
          <category>LocalParameters</category>
        </LocalParameters>
        <ModelData type="DataConfiguration" uuid="9e293379-2cca-4488-ab29-fb40f10ba813">
          <category>ModelData</category>
        </ModelData>
        <Outports type="DataConfiguration" uuid="41ba8dbc-b455-4c99-8d45-945139cb8ffb">
          <category>Outports</category>
        </Outports>
        <ParameterArguments type="DataConfiguration" uuid="52f7786b-9ab5-4d85-8019-aee1d815330d">
          <category>ParameterArguments</category>
        </ParameterArguments>
        <SharedLocalDataStores type="DataConfiguration" uuid="c0c66e6d-8ce6-448e-87ad-f8aa4410efc4">
          <category>SharedLocalDataStores</category>
        </SharedLocalDataStores>
        <SharedUtility type="FunctionConfiguration" uuid="b69a966e-4a92-4a27-bea3-cb3c6ce7bc1e"/>
      </SoftwareComponentTemplates>
    </CDefinitions>
  </Container>
</MF0>