{
    "SuppressorTable":[
        {
            "SourceSIDs":[
                "2179"
            ],
            "SuppressedData":[
                {
                    "Comments":"",
                    "ID":"Simulink:DataType:WarningOverFlowDetected",
                    "LastModified":"20160523T105755",
                    "SuppressionType":"authored",
                    "User":""
                },
                {
                    "Comments":"",
                    "ID":"SimulinkFixedPoint:util:Overflowoccurred",
                    "LastModified":"20160523T105755",
                    "SuppressionType":"authored",
                    "User":""
                }
            ]
        },
        {
            "SourceSIDs":[
                "2240"
            ],
            "SuppressedData":[
                {
                    "Comments":"",
                    "ID":"Simulink:DataType:WarningOverFlowDetected",
                    "LastModified":"20160523T105755",
                    "SuppressionType":"authored",
                    "User":""
                },
                {
                    "Comments":"",
                    "ID":"SimulinkFixedPoint:util:Overflowoccurred",
                    "LastModified":"20160523T105755",
                    "SuppressionType":"authored",
                    "User":""
                }
            ]
        },
        {
            "SourceSIDs":[
                "2641"
            ],
            "SuppressedData":[
                {
                    "Comments":"",
                    "ID":"Simulink:DataType:WarningOverFlowDetected",
                    "LastModified":"20160523T105755",
                    "SuppressionType":"authored",
                    "User":""
                },
                {
                    "Comments":"",
                    "ID":"SimulinkFixedPoint:util:Overflowoccurred",
                    "LastModified":"20160523T105755",
                    "SuppressionType":"authored",
                    "User":""
                }
            ]
        },
        {
            "SourceSIDs":[
                "2494"
            ],
            "SuppressedData":[
                {
                    "Comments":"",
                    "ID":"Simulink:DataType:WarningOverFlowDetected",
                    "LastModified":"20160523T105755",
                    "SuppressionType":"authored",
                    "User":""
                },
                {
                    "Comments":"",
                    "ID":"SimulinkFixedPoint:util:Overflowoccurred",
                    "LastModified":"20160523T105755",
                    "SuppressionType":"authored",
                    "User":""
                }
            ]
        }
    ]
}