{
    "GraphicalInterface":{
        "ExternalFileReferences":[
            {
                "Path":"$bdroot\/Control System\/Controller\/Altitude Controller\/Compare To Constant",
                "Reference":"simulink\/Logic and Bit\nOperations\/Compare\nTo Constant",
                "SID":"2239",
                "Type":"LIBRARY_BLOCK"
            },
            {
                "Path":"$bdroot\/Control System\/Controller\/Altitude Controller\/Counter Free-Running",
                "Reference":"simulink\/Sources\/Counter\nFree-Running",
                "SID":"2240",
                "Type":"LIBRARY_BLOCK"
            },
            {
                "Path":"$bdroot\/Control System\/Controller\/Attitude Controller\/Angle control loop",
                "Reference":"slpidlib\/PID Controller",
                "SID":"2259",
                "Type":"LIBRARY_BLOCK"
            },
            {
                "Path":"$bdroot\/Control System\/Controller\/Attitude Controller\/Angular velocity control loop",
                "Reference":"slpidlib\/PID Controller",
                "SID":"2260",
                "Type":"LIBRARY_BLOCK"
            },
            {
                "Path":"$bdroot\/Control System\/Controller\/Position Controller\/Position controller",
                "Reference":"slpidlib\/PID Controller",
                "SID":"2297",
                "Type":"LIBRARY_BLOCK"
            },
            {
                "Path":"$bdroot\/Control System\/Controller\/Position Controller\/Velocity controller",
                "Reference":"slpidlib\/PID Controller",
                "SID":"2301",
                "Type":"LIBRARY_BLOCK"
            },
            {
                "Path":"$bdroot\/Control System\/Crash Predictor Flags\/50 continuous  OF errors ",
                "Reference":"simulink\/Logic and Bit\nOperations\/Compare\nTo Constant",
                "SID":"2159",
                "Type":"LIBRARY_BLOCK"
            },
            {
                "Path":"$bdroot\/Control System\/Crash Predictor Flags\/Check error condition",
                "Reference":"simulink\/Logic and Bit\nOperations\/Compare\nTo Constant",
                "SID":"2172",
                "Type":"LIBRARY_BLOCK"
            },
            {
                "Path":"$bdroot\/Control System\/Crash Predictor Flags\/Compare To Constant",
                "Reference":"simulink\/Logic and Bit\nOperations\/Compare\nTo Constant",
                "SID":"2173",
                "Type":"LIBRARY_BLOCK"
            },
            {
                "Path":"$bdroot\/Control System\/Crash Predictor Flags\/Compare To Constant1",
                "Reference":"simulink\/Logic and Bit\nOperations\/Compare\nTo Constant",
                "SID":"2174",
                "Type":"LIBRARY_BLOCK"
            },
            {
                "Path":"$bdroot\/Control System\/Crash Predictor Flags\/Compare To Constant2",
                "Reference":"simulink\/Logic and Bit\nOperations\/Compare\nTo Constant",
                "SID":"2175",
                "Type":"LIBRARY_BLOCK"
            },
            {
                "Path":"$bdroot\/Control System\/Crash Predictor Flags\/Compare To Constant3",
                "Reference":"simulink\/Logic and Bit\nOperations\/Compare\nTo Constant",
                "SID":"2176",
                "Type":"LIBRARY_BLOCK"
            },
            {
                "Path":"$bdroot\/Control System\/Crash Predictor Flags\/Compare To Constant4",
                "Reference":"simulink\/Logic and Bit\nOperations\/Compare\nTo Constant",
                "SID":"2177",
                "Type":"LIBRARY_BLOCK"
            },
            {
                "Path":"$bdroot\/Control System\/Crash Predictor Flags\/Compare To Constant5",
                "Reference":"simulink\/Logic and Bit\nOperations\/Compare\nTo Constant",
                "SID":"2178",
                "Type":"LIBRARY_BLOCK"
            },
            {
                "Path":"$bdroot\/Control System\/Crash Predictor Flags\/Counter Free-Running",
                "Reference":"simulink\/Sources\/Counter\nFree-Running",
                "SID":"2179",
                "Type":"LIBRARY_BLOCK"
            },
            {
                "Path":"$bdroot\/Control System\/State Estimator\/Altitude Estimator\/KalmanFilter_altitude",
                "Reference":"ctrlSharedLib\/Kalman Filter",
                "SID":"2352",
                "Type":"LIBRARY_BLOCK"
            },
            {
                "Path":"$bdroot\/Control System\/State Estimator\/Altitude Estimator\/OutlierHandling\/check for min altitude",
                "Reference":"simulink\/Logic and Bit\nOperations\/Compare\nTo Constant",
                "SID":"2368",
                "Type":"LIBRARY_BLOCK"
            },
            {
                "Path":"$bdroot\/Control System\/State Estimator\/Altitude Estimator\/OutlierHandling\/currentEstimateVeryOffFromPressure",
                "Reference":"simulink\/Logic and Bit\nOperations\/Compare\nTo Constant",
                "SID":"2369",
                "Type":"LIBRARY_BLOCK"
            },
            {
                "Path":"$bdroot\/Control System\/State Estimator\/Altitude Estimator\/OutlierHandling\/currentStateVeryOffsonarflt",
                "Reference":"simulink\/Logic and Bit\nOperations\/Compare\nTo Constant",
                "SID":"2370",
                "Type":"LIBRARY_BLOCK"
            },
            {
                "Path":"$bdroot\/Control System\/State Estimator\/Altitude Estimator\/OutlierHandling\/outlierJump",
                "Reference":"simulink\/Logic and Bit\nOperations\/Compare\nTo Constant",
                "SID":"2374",
                "Type":"LIBRARY_BLOCK"
            },
            {
                "Path":"$bdroot\/Control System\/State Estimator\/Altitude Estimator\/Rotation Angles to Direction Cosine Matrix",
                "Reference":"sharedtransform\/Rotation Angles to\nDirection Cosine Matrix",
                "SID":"2381",
                "Type":"LIBRARY_BLOCK"
            },
            {
                "Path":"$bdroot\/Control System\/State Estimator\/Altitude Estimator\/outlierBelowFloor",
                "Reference":"simulink\/Logic and Bit\nOperations\/Compare\nTo Constant",
                "SID":"2387",
                "Type":"LIBRARY_BLOCK"
            },
            {
                "Path":"$bdroot\/Control System\/State Estimator\/Attitude Estimator\/Compare To Constant",
                "Reference":"simulink\/Logic and Bit\nOperations\/Compare\nTo Constant",
                "SID":"2395",
                "Type":"LIBRARY_BLOCK"
            },
            {
                "Path":"$bdroot\/Control System\/State Estimator\/Attitude Estimator\/Compare To Constant1",
                "Reference":"simulink\/Logic and Bit\nOperations\/Compare\nTo Constant",
                "SID":"2396",
                "Type":"LIBRARY_BLOCK"
            },
            {
                "Path":"$bdroot\/Control System\/State Estimator\/Attitude Estimator\/Pitch_Kalman\/Kalman Filter",
                "Reference":"ctrlSharedLib\/Kalman Filter",
                "SID":"2410",
                "Type":"LIBRARY_BLOCK"
            },
            {
                "Path":"$bdroot\/Control System\/State Estimator\/Attitude Estimator\/Roll_Kalman\/Kalman Filter",
                "Reference":"ctrlSharedLib\/Kalman Filter",
                "SID":"2428",
                "Type":"LIBRARY_BLOCK"
            },
            {
                "Path":"$bdroot\/Control System\/State Estimator\/SensorPreprocessing\/Temperature Compensation\/Compare To Constant",
                "Reference":"simulink\/Logic and Bit\nOperations\/Compare\nTo Constant",
                "SID":"2492",
                "Type":"LIBRARY_BLOCK"
            },
            {
                "Path":"$bdroot\/Control System\/State Estimator\/SensorPreprocessing\/Temperature Compensation\/Counter Free-Running",
                "Reference":"simulink\/Sources\/Counter\nFree-Running",
                "SID":"2494",
                "Type":"LIBRARY_BLOCK"
            },
            {
                "Path":"$bdroot\/Control System\/State Estimator\/XY Position Estimator\/EstimatorVelocity\/AccelerationHandling\/Deactivate Acceleration If OF is not used due to low altitude",
                "Reference":"simulink\/Logic and Bit\nOperations\/Compare\nTo Constant",
                "SID":"2557",
                "Type":"LIBRARY_BLOCK"
            },
            {
                "Path":"$bdroot\/Control System\/State Estimator\/XY Position Estimator\/EstimatorVelocity\/AccelerationHandling\/Rotation Angles to Direction Cosine Matrix",
                "Reference":"sharedtransform\/Rotation Angles to\nDirection Cosine Matrix",
                "SID":"2562",
                "Type":"LIBRARY_BLOCK"
            },
            {
                "Path":"$bdroot\/Control System\/State Estimator\/XY Position Estimator\/EstimatorVelocity\/AccelerationHandling\/do not use acc if optical flow never available (Note OF@60Hz but ZOH to 200!)",
                "Reference":"simulink\/Logic and Bit\nOperations\/Compare\nTo Constant",
                "SID":"2566",
                "Type":"LIBRARY_BLOCK"
            },
            {
                "Path":"$bdroot\/Control System\/State Estimator\/XY Position Estimator\/EstimatorVelocity\/AccelerationHandling\/do not use acc if optical flow never available (Note OF@60Hz but ZOH to 200!)1",
                "Reference":"simulink\/Logic and Bit\nOperations\/Compare\nTo Constant",
                "SID":"2567",
                "Type":"LIBRARY_BLOCK"
            },
            {
                "Path":"$bdroot\/Control System\/State Estimator\/XY Position Estimator\/EstimatorVelocity\/DataHandling\/DiscreteDerivative",
                "Reference":"simulink\/Discrete\/Discrete Derivative",
                "SID":"2606",
                "Type":"LIBRARY_BLOCK"
            },
            {
                "Path":"$bdroot\/Control System\/State Estimator\/XY Position Estimator\/EstimatorVelocity\/DataHandling\/maxdw1",
                "Reference":"simulink\/Logic and Bit\nOperations\/Compare\nTo Constant",
                "SID":"2614",
                "Type":"LIBRARY_BLOCK"
            },
            {
                "Path":"$bdroot\/Control System\/State Estimator\/XY Position Estimator\/EstimatorVelocity\/DataHandling\/maxdw2",
                "Reference":"simulink\/Logic and Bit\nOperations\/Compare\nTo Constant",
                "SID":"2615",
                "Type":"LIBRARY_BLOCK"
            },
            {
                "Path":"$bdroot\/Control System\/State Estimator\/XY Position Estimator\/EstimatorVelocity\/DataHandling\/maxp",
                "Reference":"simulink\/Logic and Bit\nOperations\/Compare\nTo Constant",
                "SID":"2616",
                "Type":"LIBRARY_BLOCK"
            },
            {
                "Path":"$bdroot\/Control System\/State Estimator\/XY Position Estimator\/EstimatorVelocity\/DataHandling\/maxp2",
                "Reference":"simulink\/Logic and Bit\nOperations\/Compare\nTo Constant",
                "SID":"2617",
                "Type":"LIBRARY_BLOCK"
            },
            {
                "Path":"$bdroot\/Control System\/State Estimator\/XY Position Estimator\/EstimatorVelocity\/DataHandling\/maxq",
                "Reference":"simulink\/Logic and Bit\nOperations\/Compare\nTo Constant",
                "SID":"2618",
                "Type":"LIBRARY_BLOCK"
            },
            {
                "Path":"$bdroot\/Control System\/State Estimator\/XY Position Estimator\/EstimatorVelocity\/DataHandling\/maxq2",
                "Reference":"simulink\/Logic and Bit\nOperations\/Compare\nTo Constant",
                "SID":"2619",
                "Type":"LIBRARY_BLOCK"
            },
            {
                "Path":"$bdroot\/Control System\/State Estimator\/XY Position Estimator\/EstimatorVelocity\/DataHandling\/maxw1",
                "Reference":"simulink\/Logic and Bit\nOperations\/Compare\nTo Constant",
                "SID":"2620",
                "Type":"LIBRARY_BLOCK"
            },
            {
                "Path":"$bdroot\/Control System\/State Estimator\/XY Position Estimator\/EstimatorVelocity\/DataHandling\/maxw2",
                "Reference":"simulink\/Logic and Bit\nOperations\/Compare\nTo Constant",
                "SID":"2621",
                "Type":"LIBRARY_BLOCK"
            },
            {
                "Path":"$bdroot\/Control System\/State Estimator\/XY Position Estimator\/EstimatorVelocity\/DataHandling\/maxw3",
                "Reference":"simulink\/Logic and Bit\nOperations\/Compare\nTo Constant",
                "SID":"2622",
                "Type":"LIBRARY_BLOCK"
            },
            {
                "Path":"$bdroot\/Control System\/State Estimator\/XY Position Estimator\/EstimatorVelocity\/DataHandling\/maxw4",
                "Reference":"simulink\/Logic and Bit\nOperations\/Compare\nTo Constant",
                "SID":"2623",
                "Type":"LIBRARY_BLOCK"
            },
            {
                "Path":"$bdroot\/Control System\/State Estimator\/XY Position Estimator\/EstimatorVelocity\/DataHandling\/minHeightforOF",
                "Reference":"simulink\/Logic and Bit\nOperations\/Compare\nTo Constant",
                "SID":"2624",
                "Type":"LIBRARY_BLOCK"
            },
            {
                "Path":"$bdroot\/Control System\/State Estimator\/XY Position Estimator\/EstimatorVelocity\/KalmanFilter_dxdy",
                "Reference":"ctrlSharedLib\/Kalman Filter",
                "SID":"2632",
                "Type":"LIBRARY_BLOCK"
            },
            {
                "Path":"$bdroot\/Control System\/State Estimator\/XY Position Estimator\/EstimatorVelocity\/xy velocity w\/\/o angular velocity compensation\/Compare To Constant",
                "Reference":"simulink\/Logic and Bit\nOperations\/Compare\nTo Constant",
                "SID":"2640",
                "Type":"LIBRARY_BLOCK"
            },
            {
                "Path":"$bdroot\/Control System\/State Estimator\/XY Position Estimator\/EstimatorVelocity\/xy velocity w\/\/o angular velocity compensation\/Counter Free-Running",
                "Reference":"simulink\/Sources\/Counter\nFree-Running",
                "SID":"2641",
                "Type":"LIBRARY_BLOCK"
            },
            {
                "Path":"$bdroot\/Control System\/State Estimator\/XY Position Estimator\/EstimatorXYPosition\/Rotation Angles to Direction Cosine Matrix",
                "Reference":"sharedtransform\/Rotation Angles to\nDirection Cosine Matrix",
                "SID":"2658",
                "Type":"LIBRARY_BLOCK"
            },
            {
                "Path":"$bdroot\/Image Processing System\/Edge Detection",
                "Reference":"visionanalysis\/Edge Detection",
                "SID":"2767",
                "Type":"LIBRARY_BLOCK"
            },
            {
                "Path":"$bdroot\/Image Processing System\/PARROT Image Conversion1",
                "Reference":"parrotlib\/PARROT Image Conversion",
                "SID":"2701",
                "Type":"LIBRARY_BLOCK"
            }
        ],
        "PreCompExecutionDomainType":"Unset",
        "RootInports":[
            {
                "BusObject":"CommandBus",
                "ComplexityExpr":"0",
                "DataTypeExpr":"CommandBus",
                "Name":"AC cmd",
                "SampleTime":"-1",
                "SignalName":"cmd"
            },
            {
                "BusObject":"SensorsBus",
                "ComplexityExpr":"0",
                "DataTypeExpr":"SensorsBus",
                "Name":"Sensors",
                "SampleTime":"-1",
                "SignalName":"sensors"
            },
            {
                "DataTypeExpr":"uint8",
                "DimensionsExpr":"[4,9600]",
                "Name":"Image Data",
                "SampleTime":"-1",
                "SignalName":"Y1UY2V"
            }
        ],
        "RootOutports":[
            {
                "DataTypeExpr":"single",
                "DimensionsExpr":"[4]",
                "Name":"Actuators",
                "SignalName":"motors"
            },
            {
                "DataTypeExpr":"uint8",
                "DimensionsExpr":"[1]",
                "Name":"Flag",
                "SignalName":"flag"
            }
        ],
        "SimulinkSubDomainType":"Simulink",
        "SolverName":"ode3"
    }
}