<?xml version="1.0" encoding="UTF-8"?>
<sltp_graph version="1.1" packageUris="http://schema.mathworks.com/mf0/sltp_mm/R2024b_202402211119">
  <sltp.mm.core.Context type="sltp.mm.core.Context" uuid="8cad8ec8-37bb-4753-9263-afed678b055e">
    <globalData type="sltp.mm.core.GlobalData" uuid="c5e9817f-5b21-4f6d-a3d4-f497704e8ed7">
      <dataName>portAC cmd</dataName>
      <type>RootInport</type>
    </globalData>
    <globalData type="sltp.mm.core.GlobalData" uuid="5da76a0c-b74c-4a8f-9d26-4681d646dad3">
      <dataName>portActuators</dataName>
      <type>RootOutport</type>
    </globalData>
    <globalData type="sltp.mm.core.GlobalData" uuid="8f18b98e-9b1e-4f96-9605-debaa32eefcd">
      <dataName>portFlag</dataName>
      <type>RootOutport</type>
    </globalData>
    <globalData type="sltp.mm.core.GlobalData" uuid="af30d180-7087-4c73-830b-751f143849a0">
      <dataName>portImage Data</dataName>
      <type>RootInport</type>
    </globalData>
    <globalData type="sltp.mm.core.GlobalData" uuid="de961864-e684-43e1-afb7-1eebbc37316f">
      <dataName>portSensors</dataName>
      <type>RootInport</type>
    </globalData>
    <priorityDirection>HighNumberLast</priorityDirection>
    <defaultEventBehavior type="sltp.mm.core.EventBehavior" uuid="97596343-186b-4134-b8e3-8d5c29925086"/>
    <editorState type="sltp.mm.core.EditorState" uuid="15465efa-0e87-4aa8-a4ac-189b3059e54b">
      <isSynchronized>true</isSynchronized>
      <panelState type="sltp.mm.core.EditorPanelState" uuid="7bf84d72-bc34-444a-a5d5-5afdc733eb2e"/>
    </editorState>
    <rootTask type="sltp.mm.core.Task" uuid="7ee5bce2-54e7-4c22-bbed-ed5f4ece4c95">
      <context type="sltp.mm.core.Context" uuid="8cad8ec8-37bb-4753-9263-afed678b055e"/>
      <explicit>false</explicit>
      <name>Default</name>
      <priority>-2147483648</priority>
      <subgraph type="sltp.mm.core.Graph" uuid="a4ec4a6e-3db7-405d-a436-28b11a6415c6">
        <connections type="sltp.mm.core.Connection" uuid="92a326b3-73c8-4507-bb78-b23d6791e724">
          <dst type="sltp.mm.core.Task" uuid="c6759287-8f5d-4ff1-b94d-e842d52cdf54"/>
          <src type="sltp.mm.core.Task" uuid="b195f521-7e36-405d-ad36-d97319b13bfe"/>
        </connections>
        <tasks type="sltp.mm.core.Task" uuid="c6759287-8f5d-4ff1-b94d-e842d52cdf54">
          <context type="sltp.mm.core.Context" uuid="8cad8ec8-37bb-4753-9263-afed678b055e"/>
          <explicit>false</explicit>
          <id>1</id>
          <inConnections type="sltp.mm.core.Connection" uuid="92a326b3-73c8-4507-bb78-b23d6791e724"/>
          <isTimed>true</isTimed>
          <name>D1</name>
          <priority>40</priority>
          <rates type="sltp.mm.core.Rate" uuid="aa8c4e7e-be47-4d50-a628-fef6c3660666">
            <annotation>D1</annotation>
            <color>-12240129</color>
            <hasBlocks>true</hasBlocks>
            <rateIndex>0</rateIndex>
            <rateSpec type="sltp.mm.core.RateSpec">
              <period>.005</period>
            </rateSpec>
            <sti>0</sti>
          </rates>
        </tasks>
        <tasks type="sltp.mm.core.Task" uuid="b195f521-7e36-405d-ad36-d97319b13bfe">
          <context type="sltp.mm.core.Context" uuid="8cad8ec8-37bb-4753-9263-afed678b055e"/>
          <explicit>false</explicit>
          <id>2</id>
          <isTimed>true</isTimed>
          <name>D2</name>
          <outConnections type="sltp.mm.core.Connection" uuid="92a326b3-73c8-4507-bb78-b23d6791e724"/>
          <priority>41</priority>
          <rates type="sltp.mm.core.Rate" uuid="104ed75c-1277-4dd1-a96e-54c3457dddcc">
            <annotation>D2</annotation>
            <color>986198527</color>
            <hasBlocks>true</hasBlocks>
            <rateIndex>1</rateIndex>
            <rateSpec type="sltp.mm.core.RateSpec">
              <period>.2</period>
            </rateSpec>
            <sti>1</sti>
          </rates>
        </tasks>
      </subgraph>
    </rootTask>
  </sltp.mm.core.Context>
</sltp_graph>