<?xml version="1.0" encoding="UTF-8"?>
<sltp_editor version="1.1" packageUris="http://schema.mathworks.com/mf0/DiagramEditor/R2019a_20181107 http://schema.mathworks.com/mf0/SltpSyntax/R2024b_202402211148">
  <diagram.editor.model.Diagram type="diagram.editor.model.Diagram" uuid="972efa73-2cc5-4dd2-be97-2f64b8af1339">
    <connections type="diagram.editor.model.Connection" uuid="8c788ba8-df42-4fe5-a6a6-43c2f515d11b">
      <dstElement type="diagram.editor.model.Entity" uuid="06a35f6c-2dd5-468b-a78a-09ced6446af8"/>
      <srcElement type="diagram.editor.model.Entity" uuid="0ebd3379-8ef2-46e2-8adf-711303d4a585"/>
      <position>0,0</position>
      <size>0,0,0,0</size>
      <syntaxElement type="sltp.mm.syntax.Edge" uuid="ed55317e-9b0e-43fa-8e9d-565b8bfed5be"/>
      <type>graph.Edge</type>
    </connections>
    <entities type="diagram.editor.model.Entity" uuid="06a35f6c-2dd5-468b-a78a-09ced6446af8">
      <inConnections type="diagram.editor.model.Connection" uuid="8c788ba8-df42-4fe5-a6a6-43c2f515d11b"/>
      <position>0,0</position>
      <size>0,0,0,0</size>
      <syntaxElement type="sltp.mm.syntax.Node" uuid="695b1063-69ed-4549-a16a-b18c4c2d637e"/>
      <title>D1</title>
      <type>implicit-periodic</type>
      <subDiagram type="diagram.editor.model.Diagram" uuid="91cfe51d-0aa0-4592-a915-1dd09a4830a0">
        <position>0,0</position>
        <syntaxElement type="sltp.mm.syntax.Graph" uuid="195d4024-c581-48b4-8f3d-d7640c73099a"/>
        <title>D1</title>
        <type>graph.Graph</type>
      </subDiagram>
    </entities>
    <entities type="diagram.editor.model.Entity" uuid="0ebd3379-8ef2-46e2-8adf-711303d4a585">
      <outConnections type="diagram.editor.model.Connection" uuid="8c788ba8-df42-4fe5-a6a6-43c2f515d11b"/>
      <position>0,0</position>
      <size>0,0,0,0</size>
      <syntaxElement type="sltp.mm.syntax.Node" uuid="c0806f1a-44de-4206-b2bf-72201ea6b1df"/>
      <title>D2</title>
      <type>implicit-periodic</type>
      <subDiagram type="diagram.editor.model.Diagram" uuid="84b3e801-70c9-46c3-93f4-d109693b5f3a">
        <position>0,0</position>
        <syntaxElement type="sltp.mm.syntax.Graph" uuid="459e046d-24db-48d4-ab3d-a62e884b7170"/>
        <title>D2</title>
        <type>graph.Graph</type>
      </subDiagram>
    </entities>
    <syntaxElement type="sltp.mm.syntax.Graph" uuid="41085e59-a602-4d11-a1e0-9c62102a07d1"/>
    <title>Default</title>
    <type>graph.Graph</type>
  </diagram.editor.model.Diagram>
  <sltp.mm.syntax.Context type="sltp.mm.syntax.Context" uuid="abc2ed50-5902-41d9-b1a1-330769801662">
    <globalData type="sltp.mm.syntax.GlobalData" uuid="c185285a-a954-44ff-8750-75b09db03600">
      <dataName>portAC cmd</dataName>
      <type>RootInport</type>
    </globalData>
    <globalData type="sltp.mm.syntax.GlobalData" uuid="faef037d-e751-4e58-a235-d3c40d151d88">
      <dataName>portActuators</dataName>
      <type>RootOutport</type>
    </globalData>
    <globalData type="sltp.mm.syntax.GlobalData" uuid="367922b7-d6e9-47d7-a631-e18606583528">
      <dataName>portFlag</dataName>
      <type>RootOutport</type>
    </globalData>
    <globalData type="sltp.mm.syntax.GlobalData" uuid="8a2176bf-eb8d-4066-a673-bc6e2c24dea5">
      <dataName>portImage Data</dataName>
      <type>RootInport</type>
    </globalData>
    <globalData type="sltp.mm.syntax.GlobalData" uuid="9dc67d80-c2f5-4df1-b135-da9874238c3f">
      <dataName>portSensors</dataName>
      <type>RootInport</type>
    </globalData>
    <rootGraph type="sltp.mm.syntax.Graph" uuid="41085e59-a602-4d11-a1e0-9c62102a07d1">
      <children type="sltp.mm.syntax.Node" uuid="695b1063-69ed-4549-a16a-b18c4c2d637e">
        <inEdges type="sltp.mm.syntax.Edge" uuid="ed55317e-9b0e-43fa-8e9d-565b8bfed5be"/>
        <priority>40</priority>
        <rates type="sltp.mm.syntax.RateData">
          <color>#ff453a</color>
          <hasBlocks>true</hasBlocks>
          <rate>0.005</rate>
          <title>D1</title>
        </rates>
        <title>D1</title>
        <type>implicit-periodic</type>
        <diagramElement type="diagram.editor.model.Entity" uuid="06a35f6c-2dd5-468b-a78a-09ced6446af8"/>
        <subgraph type="sltp.mm.syntax.Graph" uuid="195d4024-c581-48b4-8f3d-d7640c73099a">
          <title>D1</title>
          <diagramElement type="diagram.editor.model.Diagram" uuid="91cfe51d-0aa0-4592-a915-1dd09a4830a0"/>
        </subgraph>
      </children>
      <children type="sltp.mm.syntax.Node" uuid="c0806f1a-44de-4206-b2bf-72201ea6b1df">
        <orderIndex>1</orderIndex>
        <outEdges type="sltp.mm.syntax.Edge" uuid="ed55317e-9b0e-43fa-8e9d-565b8bfed5be"/>
        <priority>41</priority>
        <rates type="sltp.mm.syntax.RateData">
          <color>#3ac831</color>
          <hasBlocks>true</hasBlocks>
          <rate>0.2</rate>
          <title>D2</title>
        </rates>
        <title>D2</title>
        <type>implicit-periodic</type>
        <diagramElement type="diagram.editor.model.Entity" uuid="0ebd3379-8ef2-46e2-8adf-711303d4a585"/>
        <subgraph type="sltp.mm.syntax.Graph" uuid="459e046d-24db-48d4-ab3d-a62e884b7170">
          <title>D2</title>
          <diagramElement type="diagram.editor.model.Diagram" uuid="84b3e801-70c9-46c3-93f4-d109693b5f3a"/>
        </subgraph>
      </children>
      <edges type="sltp.mm.syntax.Edge" uuid="ed55317e-9b0e-43fa-8e9d-565b8bfed5be">
        <dst type="sltp.mm.syntax.Node" uuid="695b1063-69ed-4549-a16a-b18c4c2d637e"/>
        <src type="sltp.mm.syntax.Node" uuid="c0806f1a-44de-4206-b2bf-72201ea6b1df"/>
        <type>Delay</type>
        <diagramElement type="diagram.editor.model.Connection" uuid="8c788ba8-df42-4fe5-a6a6-43c2f515d11b"/>
      </edges>
      <title>Default</title>
      <diagramElement type="diagram.editor.model.Diagram" uuid="972efa73-2cc5-4dd2-be97-2f64b8af1339"/>
    </rootGraph>
  </sltp.mm.syntax.Context>
</sltp_editor>