<?xml version="1.0" encoding="utf-8"?>
<chart id="79">
  <P Name="name">Control System/Path Planning/Chart</P>
  <P Name="windowPosition">[199.5 216.75 417 348.75]</P>
  <P Name="viewLimits">[-57.873 821.556 34.701 378.13]</P>
  <P Name="zoomFactor">0.762</P>
  <P Name="screen">[1 1 3200 1200 1.25]</P>
  <P Name="viewObj">79</P>
  <P Name="ssIdHighWaterMark">43</P>
  <P Name="decomposition">CLUSTER_CHART</P>
  <P Name="chartFileNumber">5</P>
  <P Name="allowGlobalAccessToExportedFunctions">0</P>
  <P Name="saturateOnIntegerOverflow">1</P>
  <P Name="userSpecifiedStateTransitionExecutionOrder">1</P>
  <P Name="disableImplicitCasting">1</P>
  <P Name="actionLanguage">2</P>
  <Children>
    <state SSID="5">
      <P Name="labelString">GoRight
entry:
x=1;
y=1.5;</P>
      <P Name="position">[605.4167 62.2381 90 60]</P>
      <P Name="fontSize">12</P>
      <P Name="subviewer">79</P>
      <P Name="type">OR_STATE</P>
      <P Name="decomposition">CLUSTER_STATE</P>
    </state>
    <state SSID="1">
      <P Name="labelString">First
entry:
x=0;
y=0;
</P>
      <P Name="position">[319 139 90 60]</P>
      <P Name="fontSize">12</P>
      <P Name="subviewer">79</P>
      <P Name="type">OR_STATE</P>
      <P Name="decomposition">CLUSTER_STATE</P>
    </state>
    <state SSID="8">
      <P Name="labelString">GoLeft
entry:
x=1;
y=-1.5;</P>
      <P Name="position">[605.4167 139 90 60]</P>
      <P Name="fontSize">12</P>
      <P Name="subviewer">79</P>
      <P Name="type">OR_STATE</P>
      <P Name="decomposition">CLUSTER_STATE</P>
    </state>
    <data SSID="20" name="VisionLR">
      <P Name="scope">INPUT_DATA</P>
      <props>
        <array>
          <P Name="size">-1</P>
        </array>
        <type>
          <P Name="method">SF_INHERITED_TYPE</P>
          <P Name="primitive">SF_DOUBLE_TYPE</P>
          <P Name="isSigned">1</P>
          <P Name="wordLength">16</P>
        </type>
        <P Name="frame">SF_FRAME_INHERITED</P>
        <unit>
          <P Name="name">inherit</P>
        </unit>
      </props>
      <P Name="dataType">Inherit: Same as Simulink</P>
    </data>
    <data SSID="22" name="y">
      <P Name="scope">OUTPUT_DATA</P>
      <props>
        <array>
          <P Name="size">-1</P>
        </array>
        <type>
          <P Name="method">SF_INHERITED_TYPE</P>
          <P Name="primitive">SF_DOUBLE_TYPE</P>
          <P Name="isSigned">1</P>
          <P Name="wordLength">16</P>
        </type>
        <P Name="frame">SF_FRAME_NO</P>
        <unit>
          <P Name="name">inherit</P>
        </unit>
      </props>
      <P Name="dataType">Inherit: Same as Simulink</P>
    </data>
    <data SSID="23" name="x">
      <P Name="scope">OUTPUT_DATA</P>
      <props>
        <array>
          <P Name="size">-1</P>
        </array>
        <type>
          <P Name="method">SF_INHERITED_TYPE</P>
          <P Name="primitive">SF_DOUBLE_TYPE</P>
          <P Name="isSigned">1</P>
          <P Name="wordLength">16</P>
        </type>
        <P Name="frame">SF_FRAME_NO</P>
        <unit>
          <P Name="name">inherit</P>
        </unit>
      </props>
      <P Name="dataType">Inherit: Same as Simulink</P>
    </data>
    <transition SSID="6">
      <P Name="labelString">[VisionLR == 1]</P>
      <P Name="labelPosition">[495.335 67.436 83.75 16]</P>
      <P Name="fontSize">12</P>
      <src>
        <P Name="SSID">1</P>
        <P Name="intersection">[1 0 -1 0.5 364 139 0 0]</P>
      </src>
      <dst>
        <P Name="SSID">5</P>
        <P Name="intersection">[4 -1 -0 0.5 605.4167 92.2381 0 0]</P>
      </dst>
      <P Name="midPoint">[450.9515 85.8622]</P>
      <P Name="dataLimits">[364 605.417 82.551 139]</P>
      <P Name="subviewer">79</P>
      <P Name="drawStyle">SMART</P>
      <slide>
        <P Name="sticky">BOTH_STICK</P>
      </slide>
      <P Name="executionOrder">1</P>
    </transition>
    <transition SSID="19">
      <P Name="labelString">[y==1.5]</P>
      <P Name="labelPosition">[518.809 95.865 45.328 16]</P>
      <P Name="fontSize">12</P>
      <src>
        <P Name="SSID">5</P>
        <P Name="intersection">[4 -1 0 0.226 605.4167 108.6803 0 0]</P>
      </src>
      <dst>
        <P Name="SSID">1</P>
        <P Name="intersection">[1 0 -1 0.8494 395.4422 139 0 0]</P>
      </dst>
      <P Name="midPoint">[498.8098 115.7385]</P>
      <P Name="dataLimits">[393.042 605.417 108.68 139]</P>
      <P Name="subviewer">79</P>
      <P Name="drawStyle">SMART</P>
      <slide>
        <P Name="mode">MIRROR_SLIDE</P>
        <P Name="sticky">BOTH_STICK</P>
      </slide>
      <P Name="executionOrder">1</P>
    </transition>
    <transition SSID="2">
      <P Name="labelString"/>
      <P Name="labelPosition">[346.461 124 0 0]</P>
      <P Name="fontSize">12</P>
      <src>
        <P Name="intersection">[0 0 1 0 346.4607 109 0 0]</P>
      </src>
      <dst>
        <P Name="SSID">1</P>
        <P Name="intersection">[1 0 -1 0.3051 346.4607 139 0 0]</P>
      </dst>
      <P Name="midPoint">[346.4607 124]</P>
      <P Name="dataLimits">[344.061 348.861 109 139]</P>
      <P Name="subviewer">79</P>
      <P Name="drawStyle">SMART</P>
      <slide>
        <P Name="sticky">BOTH_STICK</P>
      </slide>
      <P Name="executionOrder">1</P>
    </transition>
    <transition SSID="14">
      <P Name="labelString">[VisionLR == -1]</P>
      <P Name="labelPosition">[461.194 133 87.734 16]</P>
      <P Name="fontSize">12</P>
      <src>
        <P Name="SSID">1</P>
        <P Name="intersection">[2 1 0 0.2 409 151 0 0]</P>
      </src>
      <dst>
        <P Name="SSID">8</P>
        <P Name="intersection">[4 -1 0 0.8 605.4167 151 0 0]</P>
      </dst>
      <P Name="midPoint">[503.2083 151]</P>
      <P Name="dataLimits">[409 605.417 148.6 153.4]</P>
      <P Name="subviewer">79</P>
      <P Name="drawStyle">SMART</P>
      <slide>
        <P Name="sticky">BOTH_STICK</P>
      </slide>
      <P Name="executionOrder">2</P>
    </transition>
    <transition SSID="18">
      <P Name="labelString">[y==-1.5]</P>
      <P Name="labelPosition">[517.988 147.454 49.312 16]</P>
      <P Name="fontSize">12</P>
      <src>
        <P Name="SSID">8</P>
        <P Name="intersection">[4 -1 0 0.5 605.4167 169 0 0]</P>
      </src>
      <dst>
        <P Name="SSID">1</P>
        <P Name="intersection">[2 1 -0 0.5 409 169 0 0]</P>
      </dst>
      <P Name="midPoint">[511.2083 169]</P>
      <P Name="dataLimits">[409 605.417 166.6 171.4]</P>
      <P Name="subviewer">79</P>
      <P Name="drawStyle">SMART</P>
      <slide>
        <P Name="sticky">BOTH_STICK</P>
      </slide>
      <P Name="executionOrder">1</P>
    </transition>
  </Children>
</chart>
