<?xml version="1.0" encoding="utf-8"?>
<Stateflow>
  <machine id="44">
    <P Name="sfVersion">82450000</P>
    <P Name="sfDemoChecksum">[634292822 3306268595 3004382032 4278812140]</P>
    <Children>
      <target id="99" name="sfun">
        <P Name="description">Default Simulink S-Function Target.</P>
      </target>
      <target id="100" name="rtw"/>
      <chart Ref="chart_45"/>
      <chart Ref="chart_54"/>
      <chart Ref="chart_62"/>
      <chart Ref="chart_71"/>
      <chart Ref="chart_79"/>
      <chart Ref="chart_92"/>
    </Children>
  </machine>
  <instance id="53">
    <P Name="machine">44</P>
    <P Name="name">Image Processing System/Create Binary Mask</P>
    <P Name="chart">45</P>
  </instance>
  <instance id="61">
    <P Name="machine">44</P>
    <P Name="name">Control System/Controller/Position Controller/Position error transformation
(Earth to Body frame)</P>
    <P Name="chart">54</P>
  </instance>
  <instance id="70">
    <P Name="machine">44</P>
    <P Name="name">Image Processing System/Detect red pixels LR</P>
    <P Name="chart">62</P>
  </instance>
  <instance id="78">
    <P Name="machine">44</P>
    <P Name="name">Image Processing System/MATLAB Function1</P>
    <P Name="chart">71</P>
  </instance>
  <instance id="91">
    <P Name="machine">44</P>
    <P Name="name">Control System/Path Planning/Chart</P>
    <P Name="chart">79</P>
  </instance>
  <instance id="98">
    <P Name="machine">44</P>
    <P Name="name">Image Processing System/MATLAB Function</P>
    <P Name="chart">92</P>
  </instance>
</Stateflow>
