<?xml version="1.0" encoding="utf-8"?>
<System>
  <P Name="Location">[2, 9, 1040, 744]</P>
  <P Name="ZoomFactor">101</P>
  <Block BlockType="Inport" Name="dxy_estimin" SID="2651">
    <P Name="Position">[1770, 17, 1800, 33]</P>
    <P Name="ZOrder">1113</P>
    <P Name="ForegroundColor">red</P>
  </Block>
  <Block BlockType="Inport" Name="orient_estimin" SID="2652">
    <P Name="Position">[1500, -3, 1535, 13]</P>
    <P Name="ZOrder">1112</P>
    <P Name="ForegroundColor">red</P>
    <P Name="NameLocation">top</P>
    <P Name="Port">2</P>
    <P Name="SampleTime">Ts</P>
    <PortProperties>
      <Port Type="out" Index="1">
        <P Name="PropagatedSignals">Attitude</P>
      </Port>
    </PortProperties>
  </Block>
  <Block BlockType="Inport" Name="controlModePosVSOrient_flagin" SID="2653">
    <P Name="Position">[2035, 33, 2065, 47]</P>
    <P Name="ZOrder">1114</P>
    <P Name="ForegroundColor">magenta</P>
    <P Name="Port">3</P>
  </Block>
  <Block BlockType="Inport" Name="dz_estimin" SID="2654">
    <P Name="Position">[1710, 43, 1740, 57]</P>
    <P Name="ZOrder">1115</P>
    <P Name="ForegroundColor">red</P>
    <P Name="Port">4</P>
    <PortProperties>
      <Port Type="out" Index="1">
        <P Name="PropagatedSignals">dz</P>
      </Port>
    </PortProperties>
  </Block>
  <Block BlockType="Math" Name="Math&#xA;Function" SID="2655">
    <PortCounts in="1" out="1"/>
    <P Name="Position">[1710, -10, 1740, 20]</P>
    <P Name="ZOrder">1127</P>
    <P Name="ForegroundColor">red</P>
    <P Name="ShowName">off</P>
    <P Name="Operator">transpose</P>
    <P Name="SignedPower">on</P>
  </Block>
  <Block BlockType="Mux" Name="Mux2" SID="2656">
    <PortCounts in="2" out="1"/>
    <P Name="Position">[1825, 13, 1830, 62]</P>
    <P Name="ZOrder">1070</P>
    <P Name="ForegroundColor">red</P>
    <P Name="ShowName">off</P>
    <P Name="Inputs">2</P>
    <P Name="DisplayOption">bar</P>
  </Block>
  <Block BlockType="Product" Name="Product" SID="2657">
    <PortCounts in="2" out="1"/>
    <P Name="Position">[1855, -14, 1905, 59]</P>
    <P Name="ZOrder">1126</P>
    <P Name="ForegroundColor">red</P>
    <P Name="ShowName">off</P>
    <P Name="Multiplication">Matrix(*)</P>
  </Block>
  <Block BlockType="Reference" Name="Rotation Angles to&#xA;Direction Cosine Matrix" SID="2658">
    <PortCounts in="1" out="1"/>
    <P Name="Position">[1585, -11, 1675, 21]</P>
    <P Name="ZOrder">1125</P>
    <P Name="ForegroundColor">red</P>
    <P Name="BackgroundColor">[1.000000, 0.501961, 0.501961]</P>
    <P Name="ShowName">off</P>
    <P Name="AttributesFormatString">Rotation Order: %&lt;rotationOrder&gt;</P>
    <P Name="LibraryVersion">12.9</P>
    <P Name="SourceBlock">sharedtransform/Rotation Angles to
Direction Cosine Matrix</P>
    <P Name="SourceType">Ang2DCM</P>
    <InstanceData>
      <P Name="RTWMemSecFuncInitTerm">Inherit from model</P>
      <P Name="RTWMemSecFuncExecute">Inherit from model</P>
      <P Name="RTWMemSecDataConstants">Inherit from model</P>
      <P Name="RTWMemSecDataInternal">Inherit from model</P>
      <P Name="RTWMemSecDataParameters">Inherit from model</P>
      <P Name="ContentPreviewEnabled">off</P>
      <P Name="rotationOrder">ZYX</P>
      <P Name="aMode">aMode</P>
    </InstanceData>
  </Block>
  <Block BlockType="Selector" Name="SelectdXY" SID="2659">
    <PortCounts in="1" out="1"/>
    <P Name="Position">[1925, 6, 1965, 44]</P>
    <P Name="ZOrder">1071</P>
    <P Name="ForegroundColor">red</P>
    <P Name="InputPortWidth">3</P>
    <P Name="IndexOptions">Index vector (dialog)</P>
    <P Name="Indices">[1 2]</P>
    <P Name="OutputSizes">1</P>
  </Block>
  <Block BlockType="DiscreteIntegrator" Name="SimplyIntegrateVelocity" SID="2660">
    <PortCounts in="2" out="1"/>
    <P Name="Position">[2180, 16, 2230, 49]</P>
    <P Name="ZOrder">1066</P>
    <P Name="ForegroundColor">red</P>
    <P Name="ExternalReset">rising</P>
    <P Name="InitialConditionSetting">Auto</P>
    <P Name="SampleTime">Ts</P>
    <P Name="ICPrevOutput">DiscIntNeverNeededParam</P>
    <P Name="ICPrevScaledInput">DiscIntNeverNeededParam</P>
  </Block>
  <Block BlockType="Outport" Name="XY_estimout" SID="2661">
    <P Name="Position">[2390, 28, 2420, 42]</P>
    <P Name="ZOrder">1118</P>
    <P Name="ForegroundColor">red</P>
    <P Name="VectorParamsAs1DForOutWhenUnconnected">off</P>
  </Block>
  <Line>
    <P Name="ZOrder">1</P>
    <P Name="Src">2653#out:1</P>
    <P Name="Dst">2660#in:2</P>
  </Line>
  <Line>
    <P Name="ZOrder">2</P>
    <P Name="Src">2657#out:1</P>
    <P Name="Dst">2659#in:1</P>
  </Line>
  <Line>
    <P Name="ZOrder">3</P>
    <P Name="Src">2656#out:1</P>
    <P Name="Dst">2657#in:2</P>
  </Line>
  <Line>
    <P Name="ZOrder">4</P>
    <P Name="Src">2654#out:1</P>
    <P Name="Dst">2656#in:2</P>
  </Line>
  <Line>
    <P Name="ZOrder">5</P>
    <P Name="Src">2660#out:1</P>
    <P Name="Dst">2661#in:1</P>
  </Line>
  <Line>
    <P Name="ZOrder">6</P>
    <P Name="Src">2651#out:1</P>
    <P Name="Dst">2656#in:1</P>
  </Line>
  <Line>
    <P Name="ZOrder">7</P>
    <P Name="Src">2652#out:1</P>
    <P Name="Dst">2658#in:1</P>
  </Line>
  <Line>
    <P Name="ZOrder">8</P>
    <P Name="Src">2658#out:1</P>
    <P Name="Dst">2655#in:1</P>
  </Line>
  <Line>
    <P Name="ZOrder">9</P>
    <P Name="Src">2659#out:1</P>
    <P Name="Dst">2660#in:1</P>
  </Line>
  <Line>
    <P Name="ZOrder">10</P>
    <P Name="Src">2655#out:1</P>
    <P Name="Dst">2657#in:1</P>
  </Line>
  <Annotation SID="2662">
    <P Name="Name">Switching from orientationControl to Position 
control reset the current world position estimate
(happens when using no markers)</P>
    <P Name="Position">[2132, -38, 2343, 3]</P>
    <P Name="InternalMargins">[0, 0, 0, 0]</P>
    <P Name="HorizontalAlignment">left</P>
    <P Name="VerticalAlignment">top</P>
    <P Name="ZOrder">-1</P>
  </Annotation>
</System>
