<?xml version="1.0" encoding="utf-8"?>
<System>
  <P Name="Location">[-1, -8, 1921, 1041]</P>
  <P Name="ZoomFactor">217</P>
  <P Name="ReportName">simulink-default.rpt</P>
  <P Name="SIDHighWatermark">2787</P>
  <Block BlockType="Inport" Name="AC cmd" SID="1">
    <P Name="Position">[-175, 73, -145, 87]</P>
    <P Name="ZOrder">7</P>
    <Array PropName="Mappings" Type="Simulink.CoderDictionary.InportsMapping" Dimension="1*2">
      <Object Reference="true" ObjectID="/simulink/blockdiagram.xml:86"/>
      <Object Reference="true" ObjectID="/simulink/blockdiagram.xml:5"/>
    </Array>
    <P Name="OutDataTypeStr">Bus: CommandBus</P>
    <P Name="BusOutputAsStruct">on</P>
    <PortProperties>
      <Port Type="out" Index="1">
        <P Name="Name">cmd</P>
      </Port>
    </PortProperties>
  </Block>
  <Block BlockType="Inport" Name="Sensors" SID="2">
    <P Name="Position">[-175, 123, -145, 137]</P>
    <P Name="ZOrder">8</P>
    <Array PropName="Mappings" Type="Simulink.CoderDictionary.InportsMapping" Dimension="1*2">
      <Object Reference="true" ObjectID="/simulink/blockdiagram.xml:89"/>
      <Object Reference="true" ObjectID="/simulink/blockdiagram.xml:8"/>
    </Array>
    <P Name="Port">2</P>
    <P Name="OutDataTypeStr">Bus: SensorsBus</P>
    <P Name="BusOutputAsStruct">on</P>
    <PortProperties>
      <Port Type="out" Index="1">
        <P Name="Name">sensors</P>
      </Port>
    </PortProperties>
  </Block>
  <Block BlockType="Inport" Name="Image Data" SID="351">
    <P Name="Tag">IP_IN</P>
    <P Name="Position">[-230, 223, -200, 237]</P>
    <P Name="ZOrder">1363</P>
    <P Name="InitFcn">codertarget.parrot.internal.inportCallback(gcb);</P>
    <Array PropName="Mappings" Type="Simulink.CoderDictionary.InportsMapping" Dimension="1*2">
      <Object Reference="true" ObjectID="/simulink/blockdiagram.xml:92"/>
      <Object Reference="true" ObjectID="/simulink/blockdiagram.xml:11"/>
    </Array>
    <P Name="Port">3</P>
    <P Name="OutDataTypeStr">uint8</P>
    <P Name="BusOutputAsStruct">on</P>
    <P Name="PortDimensions">[4 9600]</P>
    <PortProperties>
      <Port Type="out" Index="1">
        <P Name="Name">Y1UY2V</P>
      </Port>
    </PortProperties>
  </Block>
  <Block BlockType="SubSystem" Name="Control System" SID="85">
    <PortCounts in="3" out="2"/>
    <P Name="Position">[175, 59, 440, 301]</P>
    <P Name="ZOrder">1299</P>
    <P Name="BackgroundColor">[1.000000, 0.694118, 0.392157]</P>
    <P Name="DropShadow">on</P>
    <P Name="InitFcn">codertarget.parrot.internal.fcsSubsystemCallback(gcb);</P>
    <P Name="TreatAsAtomicUnit">on</P>
    <P Name="SystemSampleTime">Ts</P>
    <P Name="RTWSystemCode">Reusable function</P>
    <PortProperties>
      <Port Type="out" Index="1">
        <P Name="Name">motors</P>
      </Port>
      <Port Type="out" Index="2">
        <P Name="Name">flag</P>
      </Port>
    </PortProperties>
    <System Ref="system_85"/>
  </Block>
  <Block BlockType="SubSystem" Name="Image Processing System" SID="352">
    <P Name="Tag">IP_SUB</P>
    <PortCounts in="1" out="1"/>
    <P Name="Position">[-120, 223, 30, 297]</P>
    <P Name="ZOrder">1362</P>
    <P Name="BackgroundColor">[0.533333, 0.819608, 0.427451]</P>
    <P Name="DropShadow">on</P>
    <P Name="InitFcn">codertarget.parrot.internal.ipSubsystemCallback(gcb);</P>
    <P Name="TreatAsAtomicUnit">on</P>
    <P Name="SystemSampleTime">40*Ts</P>
    <P Name="RTWSystemCode">Inline</P>
    <P Name="RTWFcnNameOpts">User specified</P>
    <P Name="RTWFcnName">ImageFunction</P>
    <P Name="TreatAsGroupedWhenPropagatingVariantConditions">off</P>
    <PortProperties>
      <Port Type="out" Index="1">
        <P Name="PropagatedSignals">y</P>
      </Port>
    </PortProperties>
    <System Ref="system_352"/>
  </Block>
  <Block BlockType="RateTransition" Name="Rate Transition" SID="405">
    <P Name="Position">[90, 244, 120, 276]</P>
    <P Name="ZOrder">1365</P>
    <P Name="Deterministic">off</P>
  </Block>
  <Block BlockType="Outport" Name="Actuators" SID="19">
    <P Name="Position">[465, 113, 495, 127]</P>
    <P Name="ZOrder">6</P>
    <Array PropName="Mappings" Type="Simulink.CoderDictionary.OutportsMapping" Dimension="1*2">
      <Object Reference="true" ObjectID="/simulink/blockdiagram.xml:95"/>
      <Object Reference="true" ObjectID="/simulink/blockdiagram.xml:14"/>
    </Array>
    <P Name="OutDataTypeStr">single</P>
    <P Name="PortDimensions">4</P>
    <P Name="VectorParamsAs1DForOutWhenUnconnected">off</P>
  </Block>
  <Block BlockType="Outport" Name="Flag" SID="276">
    <P Name="Position">[465, 233, 495, 247]</P>
    <P Name="ZOrder">1308</P>
    <Array PropName="Mappings" Type="Simulink.CoderDictionary.OutportsMapping" Dimension="1*2">
      <Object Reference="true" ObjectID="/simulink/blockdiagram.xml:97"/>
      <Object Reference="true" ObjectID="/simulink/blockdiagram.xml:16"/>
    </Array>
    <P Name="Port">2</P>
    <P Name="OutDataTypeStr">uint8</P>
    <P Name="PortDimensions">1</P>
    <P Name="VectorParamsAs1DForOutWhenUnconnected">off</P>
  </Block>
  <Line>
    <P Name="Name">cmd</P>
    <P Name="ZOrder">23</P>
    <P Name="Labels">[0, 0]</P>
    <P Name="Src">1#out:1</P>
    <P Name="Points">[274, 0; 0, 20]</P>
    <P Name="Dst">85#in:1</P>
  </Line>
  <Line>
    <P Name="Name">motors</P>
    <P Name="ZOrder">18</P>
    <P Name="Labels">[0, 0]</P>
    <P Name="Src">85#out:1</P>
    <P Name="Dst">19#in:1</P>
  </Line>
  <Line>
    <P Name="Name">sensors</P>
    <P Name="ZOrder">40</P>
    <P Name="Labels">[0, 0]</P>
    <P Name="Src">2#out:1</P>
    <P Name="Points">[269, 0; 0, 50]</P>
    <P Name="Dst">85#in:2</P>
  </Line>
  <Line>
    <P Name="Name">flag</P>
    <P Name="ZOrder">35</P>
    <P Name="Labels">[0, 0]</P>
    <P Name="Src">85#out:2</P>
    <P Name="Dst">276#in:1</P>
  </Line>
  <Line>
    <P Name="Name">Y1UY2V</P>
    <P Name="ZOrder">48</P>
    <P Name="Labels">[0, 0]</P>
    <P Name="Src">351#out:1</P>
    <P Name="Points">[32, 0; 0, 30]</P>
    <P Name="Dst">352#in:1</P>
  </Line>
  <Line>
    <P Name="ZOrder">49</P>
    <P Name="Src">352#out:1</P>
    <P Name="Dst">405#in:1</P>
  </Line>
  <Line>
    <P Name="ZOrder">47</P>
    <P Name="Src">405#out:1</P>
    <P Name="Dst">85#in:3</P>
  </Line>
  <Annotation SID="28">
    <P Name="Name">Copyright 2018-2024 The MathWorks, Inc.</P>
    <P Name="Position">[123, 397, 314, 414]</P>
    <P Name="InternalMargins">[1, 1, 1, 1]</P>
    <P Name="ZOrder">-8</P>
  </Annotation>
  <Annotation SID="29">
    <P Name="Name">Flight Control System</P>
    <P Name="Position">[63, 34, 196, 53]</P>
    <P Name="InternalMargins">[1, 1, 1, 1]</P>
    <P Name="HorizontalAlignment">left</P>
    <P Name="VerticalAlignment">top</P>
    <P Name="ZOrder">-1</P>
    <P Name="FontName">FreeSans</P>
    <P Name="FontSize">12</P>
    <P Name="FontWeight">bold</P>
  </Annotation>
</System>
