<?xml version="1.0" encoding="utf-8"?>
<System>
  <P Name="Location">[2, 9, 1040, 744]</P>
  <P Name="ZoomFactor">96</P>
  <Block BlockType="Inport" Name="states_estim" SID="2235">
    <P Name="Position">[50, -52, 80, -38]</P>
    <P Name="ZOrder">1289</P>
  </Block>
  <Block BlockType="Inport" Name="PosZ" SID="2236">
    <P Name="Position">[50, -122, 80, -108]</P>
    <P Name="ZOrder">1286</P>
    <P Name="Port">2</P>
  </Block>
  <Block BlockType="Inport" Name="takeoff_flag" SID="2237">
    <P Name="Position">[50, -172, 80, -158]</P>
    <P Name="ZOrder">5719</P>
    <P Name="Port">3</P>
    <PortProperties>
      <Port Type="out" Index="1">
        <P Name="PropagatedSignals">takeoff_flag</P>
        <P Name="ShowPropagatedSignals">on</P>
      </Port>
    </PortProperties>
  </Block>
  <Block BlockType="BusSelector" Name="Bus&#xA;Selector1" SID="2238">
    <PortCounts in="1" out="2"/>
    <P Name="Position">[185, -95, 190, 5]</P>
    <P Name="ZOrder">5708</P>
    <P Name="ForegroundColor">red</P>
    <P Name="ShowName">off</P>
    <P Name="OutputSignals">Z,dz</P>
    <PortProperties>
      <Port Type="out" Index="1">
        <P Name="Name">&lt;Z&gt;</P>
      </Port>
      <Port Type="out" Index="2">
        <P Name="Name">&lt;dz&gt;</P>
      </Port>
    </PortProperties>
  </Block>
  <Block BlockType="Reference" Name="Compare&#xA;To Constant" SID="2239">
    <PortCounts in="1" out="1"/>
    <P Name="Position">[535, -240, 565, -210]</P>
    <P Name="ZOrder">5715</P>
    <P Name="LibraryVersion">7.6</P>
    <P Name="SourceBlock">simulink/Logic and Bit
Operations/Compare
To Constant</P>
    <P Name="SourceType">Compare To Constant</P>
    <InstanceData>
      <P Name="RTWMemSecFuncInitTerm">Inherit from model</P>
      <P Name="RTWMemSecFuncExecute">Inherit from model</P>
      <P Name="RTWMemSecDataConstants">Inherit from model</P>
      <P Name="RTWMemSecDataInternal">Inherit from model</P>
      <P Name="RTWMemSecDataParameters">Inherit from model</P>
      <P Name="ContentPreviewEnabled">on</P>
      <P Name="relop">&lt;</P>
      <P Name="const">100</P>
      <P Name="OutDataTypeStr">boolean</P>
      <P Name="ZeroCross">on</P>
    </InstanceData>
  </Block>
  <Block BlockType="Reference" Name="Counter&#xA;Free-Running" SID="2240">
    <PortCounts out="1"/>
    <P Name="Position">[460, -240, 490, -210]</P>
    <P Name="ZOrder">5714</P>
    <P Name="LibraryVersion">7.6</P>
    <P Name="SourceBlock">simulink/Sources/Counter
Free-Running</P>
    <P Name="SourceType">Counter Free-Running</P>
    <InstanceData>
      <P Name="RTWMemSecFuncInitTerm">Inherit from model</P>
      <P Name="RTWMemSecFuncExecute">Inherit from model</P>
      <P Name="RTWMemSecDataConstants">Inherit from model</P>
      <P Name="RTWMemSecDataInternal">Inherit from model</P>
      <P Name="RTWMemSecDataParameters">Inherit from model</P>
      <P Name="ContentPreviewEnabled">on</P>
      <P Name="NumBits">16</P>
      <P Name="tsamp">-1</P>
    </InstanceData>
  </Block>
  <Block BlockType="Gain" Name="D_z1" SID="2241">
    <P Name="Position">[310, -35, 370, -5]</P>
    <P Name="ZOrder">5707</P>
    <P Name="ForegroundColor">red</P>
    <P Name="Gain">0.5</P>
    <P Name="ParamDataTypeStr">single</P>
    <P Name="OutDataTypeStr">single</P>
    <P Name="SaturateOnIntegerOverflow">on</P>
    <PortProperties>
      <Port Type="out" Index="1">
        <P Name="Name">dz</P>
      </Port>
    </PortProperties>
  </Block>
  <Block BlockType="DiscreteIntegrator" Name="Discrete-Time&#xA;Integrator" SID="2242">
    <PortCounts in="2" out="1"/>
    <P Name="Position">[460, -132, 510, -88]</P>
    <P Name="ZOrder">5713</P>
    <P Name="ShowName">off</P>
    <P Name="ExternalReset">falling</P>
    <P Name="InitialConditionSetting">Auto</P>
    <P Name="SampleTime">Ts</P>
    <P Name="LimitOutput">on</P>
    <P Name="UpperSaturationLimit">2</P>
    <P Name="LowerSaturationLimit">-2</P>
    <P Name="ICPrevOutput">DiscIntNeverNeededParam</P>
    <P Name="ICPrevScaledInput">DiscIntNeverNeededParam</P>
  </Block>
  <Block BlockType="Gain" Name="I_pr" SID="2243">
    <P Name="Position">[310, -136, 365, -104]</P>
    <P Name="ZOrder">5717</P>
    <P Name="ForegroundColor">blue</P>
    <P Name="Gain">0.24</P>
  </Block>
  <Block BlockType="Gain" Name="P_z1" SID="2244">
    <P Name="Position">[310, -85, 365, -55]</P>
    <P Name="ZOrder">5711</P>
    <P Name="ForegroundColor">red</P>
    <P Name="Gain">0.8</P>
    <P Name="ParamDataTypeStr">single</P>
    <P Name="OutDataTypeStr">single</P>
    <P Name="SaturateOnIntegerOverflow">on</P>
  </Block>
  <Block BlockType="Saturate" Name="SaturationThrust1" SID="2245">
    <P Name="Position">[915, -260, 945, -230]</P>
    <P Name="ZOrder">5712</P>
    <P Name="ShowName">off</P>
    <P Name="UpperLimit">4*Controller.totalThrustMaxRelative*Controller.motorsThrustPerMotorMax</P>
    <P Name="LowerLimit">-4*Controller.totalThrustMaxRelative*Controller.motorsThrustPerMotorMax</P>
    <P Name="OutDataTypeStr">single</P>
  </Block>
  <Block BlockType="Sum" Name="Sum1" SID="2246">
    <PortCounts in="3" out="1"/>
    <P Name="Position">[650, -85, 680, -55]</P>
    <P Name="ZOrder">5706</P>
    <P Name="ForegroundColor">red</P>
    <P Name="ShowName">off</P>
    <P Name="Inputs">++-</P>
    <P Name="OutDataTypeStr">single</P>
    <P Name="AccumDataTypeStr">single</P>
    <P Name="SaturateOnIntegerOverflow">on</P>
  </Block>
  <Block BlockType="Sum" Name="Sum2" SID="2247">
    <PortCounts in="2" out="1"/>
    <P Name="Position">[245, -80, 265, -60]</P>
    <P Name="ZOrder">5705</P>
    <P Name="ForegroundColor">red</P>
    <P Name="ShowName">off</P>
    <P Name="Inputs">+-|</P>
    <P Name="OutDataTypeStr">single</P>
    <P Name="AccumDataTypeStr">single</P>
    <P Name="SaturateOnIntegerOverflow">on</P>
    <PortProperties>
      <Port Type="out" Index="1">
        <P Name="Name">pitch/roll
error</P>
      </Port>
    </PortProperties>
  </Block>
  <Block BlockType="Sum" Name="Sum5" SID="2248">
    <PortCounts in="2" out="1"/>
    <P Name="Position">[855, -255, 875, -235]</P>
    <P Name="ZOrder">5704</P>
    <P Name="ForegroundColor">red</P>
    <P Name="DropShadow">on</P>
    <P Name="ShowName">off</P>
    <P Name="Inputs">++|</P>
    <P Name="OutDataTypeStr">single</P>
    <P Name="AccumDataTypeStr">single</P>
    <P Name="SaturateOnIntegerOverflow">on</P>
  </Block>
  <Block BlockType="Switch" Name="TakeoffOrControl_Switch1" SID="2249">
    <P Name="Position">[775, -311, 815, -179]</P>
    <P Name="ZOrder">5710</P>
    <P Name="ForegroundColor">red</P>
    <P Name="Criteria">u2 &gt; Threshold</P>
    <P Name="InputSameDT">off</P>
    <P Name="SaturateOnIntegerOverflow">off</P>
  </Block>
  <Block BlockType="Terminator" Name="Terminator" SID="2250">
    <P Name="Position">[115, -175, 135, -155]</P>
    <P Name="ZOrder">5718</P>
  </Block>
  <Block BlockType="Gain" Name="takeoff_gain1" SID="2251">
    <P Name="Position">[370, -313, 515, -267]</P>
    <P Name="ZOrder">5709</P>
    <P Name="ForegroundColor">red</P>
    <P Name="Gain">Controller.takeoffGain</P>
    <P Name="ParamDataTypeStr">single</P>
    <P Name="OutDataTypeStr">single</P>
    <P Name="SaturateOnIntegerOverflow">on</P>
  </Block>
  <Block BlockType="Constant" Name="w1" SID="2252">
    <P Name="Position">[210, -391, 340, -369]</P>
    <P Name="ZOrder">5703</P>
    <P Name="ForegroundColor">red</P>
    <P Name="DropShadow">on</P>
    <P Name="Value">-g*Vehicle.Airframe.mass</P>
    <P Name="OutDataTypeStr">single</P>
    <P Name="SampleTime">Ts</P>
    <PortProperties>
      <Port Type="out" Index="1">
        <P Name="Name">Feed forward term to 
compensate for gravity</P>
      </Port>
    </PortProperties>
  </Block>
  <Block BlockType="Outport" Name="altitude_cmd" SID="2253">
    <P Name="Position">[985, -252, 1015, -238]</P>
    <P Name="ZOrder">1288</P>
    <P Name="VectorParamsAs1DForOutWhenUnconnected">off</P>
  </Block>
  <Line>
    <P Name="ZOrder">1</P>
    <P Name="Src">2249#out:1</P>
    <P Name="Dst">2248#in:2</P>
  </Line>
  <Line>
    <P Name="ZOrder">2</P>
    <P Name="Src">2242#out:1</P>
    <P Name="Points">[150, 0]</P>
    <P Name="Dst">2246#in:1</P>
  </Line>
  <Line>
    <P Name="ZOrder">3</P>
    <P Name="Src">2236#out:1</P>
    <P Name="Points">[170, 0]</P>
    <P Name="Dst">2247#in:1</P>
  </Line>
  <Line>
    <P Name="ZOrder">4</P>
    <P Name="Src">2237#out:1</P>
    <P Name="Dst">2250#in:1</P>
  </Line>
  <Line>
    <P Name="Name">Feed forward term to 
compensate for gravity</P>
    <P Name="ZOrder">5</P>
    <P Name="Src">2252#out:1</P>
    <P Name="Points">[5, 0]</P>
    <Branch>
      <P Name="ZOrder">6</P>
      <P Name="Labels">[1, 1]</P>
      <P Name="Points">[515, 0]</P>
      <P Name="Dst">2248#in:1</P>
    </Branch>
    <Branch>
      <P Name="ZOrder">7</P>
      <P Name="Points">[0, 90]</P>
      <P Name="Dst">2251#in:1</P>
    </Branch>
  </Line>
  <Line>
    <P Name="ZOrder">8</P>
    <P Name="Src">2244#out:1</P>
    <P Name="Dst">2246#in:2</P>
  </Line>
  <Line>
    <P Name="ZOrder">9</P>
    <P Name="Src">2240#out:1</P>
    <P Name="Dst">2239#in:1</P>
  </Line>
  <Line>
    <P Name="Name">&lt;dz&gt;</P>
    <P Name="ZOrder">10</P>
    <P Name="Labels">[0, 0]</P>
    <P Name="Src">2238#out:2</P>
    <P Name="Dst">2241#in:1</P>
  </Line>
  <Line>
    <P Name="ZOrder">11</P>
    <P Name="Labels">[-1, 1]</P>
    <P Name="Src">2248#out:1</P>
    <P Name="Dst">2245#in:1</P>
  </Line>
  <Line>
    <P Name="Name">&lt;Z&gt;</P>
    <P Name="ZOrder">12</P>
    <P Name="Labels">[0, 0]</P>
    <P Name="Src">2238#out:1</P>
    <P Name="Dst">2247#in:2</P>
  </Line>
  <Line>
    <P Name="Name">dz</P>
    <P Name="ZOrder">13</P>
    <P Name="Labels">[0, 0]</P>
    <P Name="Src">2241#out:1</P>
    <P Name="Points">[290, 0]</P>
    <P Name="Dst">2246#in:3</P>
  </Line>
  <Line>
    <P Name="ZOrder">14</P>
    <P Name="Src">2246#out:1</P>
    <P Name="Points">[28, 0; 0, -130]</P>
    <P Name="Dst">2249#in:3</P>
  </Line>
  <Line>
    <P Name="ZOrder">15</P>
    <P Name="Src">2239#out:1</P>
    <P Name="Points">[35, 0]</P>
    <Branch>
      <P Name="ZOrder">16</P>
      <P Name="Points">[0, 66; -187, 0; 0, 59]</P>
      <P Name="Dst">2242#in:2</P>
    </Branch>
    <Branch>
      <P Name="ZOrder">17</P>
      <P Name="Points">[0, -20]</P>
      <P Name="Dst">2249#in:2</P>
    </Branch>
  </Line>
  <Line>
    <P Name="ZOrder">18</P>
    <P Name="Src">2251#out:1</P>
    <P Name="Dst">2249#in:1</P>
  </Line>
  <Line>
    <P Name="ZOrder">19</P>
    <P Name="Src">2235#out:1</P>
    <P Name="Dst">2238#in:1</P>
  </Line>
  <Line>
    <P Name="Name">pitch/roll
error</P>
    <P Name="ZOrder">20</P>
    <P Name="Labels">[-1, 0]</P>
    <P Name="Src">2247#out:1</P>
    <P Name="Points">[25, 0]</P>
    <Branch>
      <P Name="ZOrder">21</P>
      <P Name="Dst">2243#in:1</P>
    </Branch>
    <Branch>
      <P Name="ZOrder">22</P>
      <P Name="Dst">2244#in:1</P>
    </Branch>
  </Line>
  <Line>
    <P Name="ZOrder">23</P>
    <P Name="Src">2243#out:1</P>
    <P Name="Dst">2242#in:1</P>
  </Line>
  <Line>
    <P Name="ZOrder">24</P>
    <P Name="Src">2245#out:1</P>
    <P Name="Dst">2253#in:1</P>
  </Line>
  <Annotation SID="2255">
    <P Name="Name">PID Controller for Altitude</P>
    <P Name="Position">[176, -136, 290, -121]</P>
    <P Name="InternalMargins">[0, 0, 0, 0]</P>
    <P Name="HorizontalAlignment">left</P>
    <P Name="VerticalAlignment">top</P>
    <P Name="ZOrder">-1</P>
  </Annotation>
  <Annotation SID="2254">
    <P Name="Name">&lt;!DOCTYPE HTML PUBLIC &quot;-//W3C//DTD HTML 4.0//EN&quot; &quot;http://www.w3.org/TR/REC-html40/strict.dtd&quot;&gt;
&lt;html&gt;&lt;head&gt;&lt;meta name=&quot;qrichtext&quot; content=&quot;1&quot; /&gt;&lt;style type=&quot;text/css&quot;&gt;
p, li { white-space: pre-wrap; }
&lt;/style&gt;&lt;/head&gt;&lt;body align=&quot;left&quot; style=&quot; font-family:&apos;Helvetica&apos;; font-size:10px; font-weight:400; font-style:normal;&quot;&gt;
&lt;p align=&quot;left&quot; style=&quot; margin-top:0px; margin-bottom:0px; margin-left:0px; margin-right:0px; -qt-block-indent:0; text-indent:0px;&quot;&gt;&lt;span style=&quot; font-size:10px; font-weight:600;&quot;&gt;ALTITUDE CONTROLLER&lt;/span&gt;&lt;/p&gt;&lt;/body&gt;&lt;/html&gt;</P>
    <P Name="Position">[453, -410, 576, -396]</P>
    <P Name="InternalMargins">[0, 0, 0, 0]</P>
    <P Name="HorizontalAlignment">left</P>
    <P Name="VerticalAlignment">top</P>
    <P Name="Interpreter">rich</P>
    <P Name="ZOrder">-2</P>
  </Annotation>
</System>
