<?xml version="1.0" encoding="utf-8"?>
<System>
  <P Name="Location">[223, 338, 826, 833]</P>
  <P Name="SIDHighWatermark">30</P>
  <Block BlockType="Inport" Name="red" SID="2769::1">
    <P Name="Position">[20, 101, 40, 119]</P>
    <P Name="ZOrder">-1</P>
  </Block>
  <Block BlockType="Inport" Name="green" SID="2769::28">
    <P Name="Position">[20, 136, 40, 154]</P>
    <P Name="ZOrder">19</P>
    <P Name="Port">2</P>
  </Block>
  <Block BlockType="Inport" Name="blue" SID="2769::29">
    <P Name="Position">[20, 171, 40, 189]</P>
    <P Name="ZOrder">20</P>
    <P Name="Port">3</P>
  </Block>
  <Block BlockType="Demux" Name=" Demux " SID="2769::26">
    <PortCounts in="1" out="1"/>
    <P Name="Position">[270, 230, 320, 270]</P>
    <P Name="ZOrder">17</P>
    <P Name="Outputs">1</P>
  </Block>
  <Block BlockType="S-Function" Name=" SFunction " SID="2769::25">
    <P Name="Tag">Stateflow S-Function 1</P>
    <PortCounts in="3" out="2"/>
    <P Name="Position">[180, 100, 230, 180]</P>
    <P Name="ZOrder">16</P>
    <P Name="FunctionName">sf_sfun</P>
    <P Name="PortCounts">[3 2]</P>
    <P Name="SFunctionDeploymentMode">off</P>
    <P Name="EnableBusSupport">on</P>
    <P Name="SFcnIsStateOwnerBlock">off</P>
    <PortProperties>
      <Port Type="out" Index="2">
        <P Name="Name">maskDouble</P>
      </Port>
    </PortProperties>
  </Block>
  <Block BlockType="Terminator" Name=" Terminator " SID="2769::27">
    <P Name="Position">[460, 241, 480, 259]</P>
    <P Name="ZOrder">18</P>
  </Block>
  <Block BlockType="Outport" Name="maskDouble" SID="2769::5">
    <P Name="Position">[460, 101, 480, 119]</P>
    <P Name="ZOrder">-5</P>
  </Block>
  <Line>
    <P Name="ZOrder">39</P>
    <P Name="Src">2769::1#out:1</P>
    <P Name="Dst">2769::25#in:1</P>
  </Line>
  <Line>
    <P Name="ZOrder">40</P>
    <P Name="Src">2769::28#out:1</P>
    <P Name="Dst">2769::25#in:2</P>
  </Line>
  <Line>
    <P Name="ZOrder">41</P>
    <P Name="Src">2769::29#out:1</P>
    <P Name="Dst">2769::25#in:3</P>
  </Line>
  <Line>
    <P Name="Name">maskDouble</P>
    <P Name="ZOrder">42</P>
    <P Name="Labels">[0, 0]</P>
    <P Name="Src">2769::25#out:2</P>
    <P Name="Dst">2769::5#in:1</P>
  </Line>
  <Line>
    <P Name="ZOrder">43</P>
    <P Name="Src">2769::26#out:1</P>
    <P Name="Dst">2769::27#in:1</P>
  </Line>
  <Line>
    <P Name="ZOrder">44</P>
    <P Name="Src">2769::25#out:1</P>
    <P Name="Dst">2769::26#in:1</P>
  </Line>
</System>
