<?xml version="1.0" encoding="utf-8"?>
<System>
  <P Name="Location">[2, 9, 1040, 744]</P>
  <P Name="ZoomFactor">81</P>
  <Block BlockType="Inport" Name="In Bus Element1" SID="2227">
    <P Name="Position">[1250, 490, 1260, 500]</P>
    <P Name="ZOrder">5662</P>
    <P Name="BackgroundColor">orange</P>
    <P Name="ShowName">off</P>
    <List ListType="InterfaceData">
      <P Name="Version">0</P>
      <P Name="PortNumber">1</P>
      <P Name="PortName">ReferenceValueServerBus</P>
      <P Name="Element">controlModePosVSOrient</P>
      <P Name="PortBlockIndex">1</P>
      <P Name="IsComposite">1</P>
      <P Name="IsClientServer">0</P>
    </List>
    <PortProperties>
      <Port Type="out" Index="1">
        <P Name="PropagatedSignals">controlModePosVSOrient</P>
      </Port>
    </PortProperties>
  </Block>
  <Block BlockType="Inport" Name="In Bus Element" SID="2228">
    <P Name="Position">[940, 420, 950, 430]</P>
    <P Name="ZOrder">5661</P>
    <P Name="BackgroundColor">lightBlue</P>
    <P Name="ShowName">off</P>
    <List ListType="InterfaceData">
      <P Name="Version">0</P>
      <P Name="PortNumber">1</P>
      <P Name="PortName">ReferenceValueServerBus</P>
      <P Name="Element">pos_ref</P>
      <P Name="PortBlockIndex">2</P>
      <P Name="IsComposite">1</P>
      <P Name="IsClientServer">0</P>
    </List>
    <PortProperties>
      <Port Type="out" Index="1">
        <P Name="PropagatedSignals">pos_ref</P>
      </Port>
    </PortProperties>
  </Block>
  <Block BlockType="Inport" Name="In Bus Element5" SID="2229">
    <P Name="Position">[1260, 715, 1270, 725]</P>
    <P Name="ZOrder">5667</P>
    <P Name="BackgroundColor">lightBlue</P>
    <P Name="ShowName">off</P>
    <List ListType="InterfaceData">
      <P Name="Version">0</P>
      <P Name="PortNumber">1</P>
      <P Name="PortName">ReferenceValueServerBus</P>
      <P Name="Element">pos_ref</P>
      <P Name="PortBlockIndex">3</P>
      <P Name="IsComposite">1</P>
      <P Name="IsClientServer">0</P>
    </List>
    <PortProperties>
      <Port Type="out" Index="1">
        <P Name="PropagatedSignals">pos_ref</P>
      </Port>
    </PortProperties>
  </Block>
  <Block BlockType="Inport" Name="In Bus Element2" SID="2230">
    <P Name="Position">[910, 625, 920, 635]</P>
    <P Name="ZOrder">5663</P>
    <P Name="BackgroundColor">magenta</P>
    <P Name="ShowName">off</P>
    <List ListType="InterfaceData">
      <P Name="Version">0</P>
      <P Name="PortNumber">1</P>
      <P Name="PortName">ReferenceValueServerBus</P>
      <P Name="Element">orient_ref</P>
      <P Name="PortBlockIndex">4</P>
      <P Name="IsComposite">1</P>
      <P Name="IsClientServer">0</P>
    </List>
    <PortProperties>
      <Port Type="out" Index="1">
        <P Name="PropagatedSignals">orient_ref</P>
      </Port>
    </PortProperties>
  </Block>
  <Block BlockType="Inport" Name="In Bus Element6" SID="2231">
    <P Name="Position">[1170, 545, 1180, 555]</P>
    <P Name="ZOrder">5670</P>
    <P Name="BackgroundColor">magenta</P>
    <P Name="ShowName">off</P>
    <List ListType="InterfaceData">
      <P Name="Version">0</P>
      <P Name="PortNumber">1</P>
      <P Name="PortName">ReferenceValueServerBus</P>
      <P Name="Element">orient_ref</P>
      <P Name="PortBlockIndex">5</P>
      <P Name="IsComposite">1</P>
      <P Name="IsClientServer">0</P>
    </List>
    <PortProperties>
      <Port Type="out" Index="1">
        <P Name="PropagatedSignals">orient_ref</P>
      </Port>
    </PortProperties>
  </Block>
  <Block BlockType="Inport" Name="In Bus Element3" SID="2232">
    <P Name="Position">[1260, 735, 1270, 745]</P>
    <P Name="ZOrder">5664</P>
    <P Name="BackgroundColor">black</P>
    <P Name="ShowName">off</P>
    <List ListType="InterfaceData">
      <P Name="Version">0</P>
      <P Name="PortNumber">1</P>
      <P Name="PortName">ReferenceValueServerBus</P>
      <P Name="Element">takeoff_flag</P>
      <P Name="PortBlockIndex">6</P>
      <P Name="IsComposite">1</P>
      <P Name="IsClientServer">0</P>
    </List>
    <PortProperties>
      <Port Type="out" Index="1">
        <P Name="PropagatedSignals">takeoff_flag</P>
      </Port>
    </PortProperties>
  </Block>
  <Block BlockType="Inport" Name="states_estim" SID="2233">
    <P Name="Position">[1000, 653, 1030, 667]</P>
    <P Name="ZOrder">5655</P>
    <P Name="Port">2</P>
  </Block>
  <Block BlockType="SubSystem" Name="Altitude Controller" SID="2234">
    <PortCounts in="3" out="1"/>
    <P Name="Position">[1420, 690, 1525, 750]</P>
    <P Name="ZOrder">5647</P>
    <System Ref="system_2234"/>
  </Block>
  <Block BlockType="SubSystem" Name="Attitude Controller" SID="2256">
    <PortCounts in="2" out="2"/>
    <P Name="Position">[1420, 458, 1510, 607]</P>
    <P Name="ZOrder">5685</P>
    <P Name="ForegroundColor">red</P>
    <PortProperties>
      <Port Type="out" Index="1">
        <P Name="PropagatedSignals">tau_pitch</P>
      </Port>
      <Port Type="out" Index="2">
        <P Name="PropagatedSignals">tau_roll</P>
      </Port>
    </PortProperties>
    <System Ref="system_2256"/>
  </Block>
  <Block BlockType="SubSystem" Name="ControlMixer" SID="2273">
    <PortCounts in="4" out="1"/>
    <P Name="Position">[1565, 452, 1680, 763]</P>
    <P Name="ZOrder">5651</P>
    <P Name="DropShadow">on</P>
    <System Ref="system_2273"/>
  </Block>
  <Block BlockType="SubSystem" Name="Position Controller" SID="2287">
    <PortCounts in="2" out="1"/>
    <P Name="Position">[1090, 411, 1220, 464]</P>
    <P Name="ZOrder">5686</P>
    <P Name="ForegroundColor">red</P>
    <PortProperties>
      <Port Type="out" Index="1">
        <P Name="PropagatedSignals">Pitch,Roll
setpoint</P>
      </Port>
    </PortProperties>
    <System Ref="system_2287"/>
  </Block>
  <Block BlockType="Selector" Name="Selector" SID="2306">
    <PortCounts in="1" out="1"/>
    <P Name="Position">[1305, 708, 1340, 732]</P>
    <P Name="ZOrder">5666</P>
    <P Name="ShowName">off</P>
    <P Name="HideAutomaticName">off</P>
    <P Name="InputPortWidth">3</P>
    <P Name="IndexOptions">Index vector (dialog)</P>
    <P Name="Indices">3</P>
    <P Name="OutputSizes">1</P>
  </Block>
  <Block BlockType="Selector" Name="Selector1" SID="2307">
    <PortCounts in="1" out="1"/>
    <P Name="Position">[980, 413, 1015, 437]</P>
    <P Name="ZOrder">5668</P>
    <P Name="ShowName">off</P>
    <P Name="HideAutomaticName">off</P>
    <P Name="InputPortWidth">3</P>
    <P Name="IndexOptions">Index vector (dialog)</P>
    <P Name="Indices">[1 2]</P>
    <P Name="OutputSizes">1</P>
    <PortProperties>
      <Port Type="out" Index="1">
        <P Name="Name">pos</P>
      </Port>
    </PortProperties>
  </Block>
  <Block BlockType="Selector" Name="Selector2" SID="2308">
    <PortCounts in="1" out="1"/>
    <P Name="Position">[1215, 538, 1250, 562]</P>
    <P Name="ZOrder">5669</P>
    <P Name="ShowName">off</P>
    <P Name="HideAutomaticName">off</P>
    <P Name="InputPortWidth">3</P>
    <P Name="IndexOptions">Index vector (dialog)</P>
    <P Name="Indices">[2 3]</P>
    <P Name="OutputSizes">1</P>
  </Block>
  <Block BlockType="Selector" Name="Selector3" SID="2309">
    <PortCounts in="1" out="1"/>
    <P Name="Position">[955, 618, 990, 642]</P>
    <P Name="ZOrder">5671</P>
    <P Name="ShowName">off</P>
    <P Name="HideAutomaticName">off</P>
    <P Name="InputPortWidth">3</P>
    <P Name="IndexOptions">Index vector (dialog)</P>
    <P Name="Indices">1</P>
    <P Name="OutputSizes">1</P>
  </Block>
  <Block BlockType="Switch" Name="Switch_refAtt" SID="2310">
    <P Name="Position">[1280, 414, 1330, 576]</P>
    <P Name="ZOrder">5652</P>
    <P Name="Criteria">u2 &gt; Threshold</P>
    <P Name="InputSameDT">off</P>
    <P Name="SaturateOnIntegerOverflow">off</P>
  </Block>
  <Block BlockType="SubSystem" Name="Yaw Controller" SID="2311">
    <PortCounts in="2" out="1"/>
    <P Name="Position">[1090, 615, 1220, 675]</P>
    <P Name="ZOrder">5687</P>
    <P Name="ForegroundColor">red</P>
    <System Ref="system_2311"/>
  </Block>
  <Block BlockType="InportShadow" Name="states_estim1" SID="2325">
    <P Name="Position">[1350, 693, 1380, 707]</P>
    <P Name="ZOrder">5658</P>
    <P Name="ShowName">off</P>
    <P Name="HideAutomaticName">off</P>
    <P Name="Port">2</P>
  </Block>
  <Block BlockType="InportShadow" Name="states_estim2" SID="2326">
    <P Name="Position">[1350, 563, 1380, 577]</P>
    <P Name="ZOrder">5659</P>
    <P Name="ShowName">off</P>
    <P Name="HideAutomaticName">off</P>
    <P Name="Port">2</P>
  </Block>
  <Block BlockType="InportShadow" Name="states_estim3" SID="2327">
    <P Name="Position">[1030, 443, 1060, 457]</P>
    <P Name="ZOrder">5660</P>
    <P Name="ShowName">off</P>
    <P Name="HideAutomaticName">off</P>
    <P Name="Port">2</P>
  </Block>
  <Block BlockType="SubSystem" Name="thrustsToMotorCommands" SID="2328">
    <PortCounts in="1" out="1"/>
    <P Name="Position">[1715, 585, 1840, 635]</P>
    <P Name="ZOrder">5653</P>
    <System Ref="system_2328"/>
  </Block>
  <Block BlockType="Outport" Name="motors_refout" SID="2334">
    <P Name="Position">[1870, 603, 1900, 617]</P>
    <P Name="ZOrder">5657</P>
    <P Name="VectorParamsAs1DForOutWhenUnconnected">off</P>
  </Block>
  <Line>
    <P Name="ZOrder">1</P>
    <P Name="Src">2328#out:1</P>
    <P Name="Dst">2334#in:1</P>
  </Line>
  <Line>
    <P Name="ZOrder">2</P>
    <P Name="Src">2229#out:1</P>
    <P Name="Dst">2306#in:1</P>
  </Line>
  <Line>
    <P Name="ZOrder">4</P>
    <P Name="Src">2327#out:1</P>
    <P Name="Dst">2287#in:2</P>
  </Line>
  <Line>
    <P Name="ZOrder">5</P>
    <P Name="Src">2231#out:1</P>
    <P Name="Dst">2308#in:1</P>
  </Line>
  <Line>
    <P Name="ZOrder">6</P>
    <P Name="Src">2309#out:1</P>
    <P Name="Dst">2311#in:1</P>
  </Line>
  <Line>
    <P Name="ZOrder">7</P>
    <P Name="Src">2228#out:1</P>
    <P Name="Dst">2307#in:1</P>
  </Line>
  <Line>
    <P Name="ZOrder">8</P>
    <P Name="Src">2273#out:1</P>
    <P Name="Dst">2328#in:1</P>
  </Line>
  <Line>
    <P Name="ZOrder">9</P>
    <P Name="Src">2308#out:1</P>
    <P Name="Dst">2310#in:3</P>
  </Line>
  <Line>
    <P Name="ZOrder">11</P>
    <P Name="Src">2234#out:1</P>
    <P Name="Dst">2273#in:4</P>
  </Line>
  <Line>
    <P Name="Name">pos</P>
    <P Name="ZOrder">12</P>
    <P Name="Labels">[1, 0]</P>
    <P Name="Src">2307#out:1</P>
    <P Name="Dst">2287#in:1</P>
  </Line>
  <Line>
    <P Name="ZOrder">13</P>
    <P Name="Src">2325#out:1</P>
    <P Name="Dst">2234#in:1</P>
  </Line>
  <Line>
    <P Name="ZOrder">14</P>
    <P Name="Src">2306#out:1</P>
    <P Name="Dst">2234#in:2</P>
  </Line>
  <Line>
    <P Name="ZOrder">15</P>
    <P Name="Src">2232#out:1</P>
    <P Name="Dst">2234#in:3</P>
  </Line>
  <Line>
    <P Name="ZOrder">16</P>
    <P Name="Src">2233#out:1</P>
    <P Name="Dst">2311#in:2</P>
  </Line>
  <Line>
    <P Name="ZOrder">17</P>
    <P Name="Src">2287#out:1</P>
    <P Name="Dst">2310#in:1</P>
  </Line>
  <Line>
    <P Name="ZOrder">18</P>
    <P Name="Src">2230#out:1</P>
    <P Name="Dst">2309#in:1</P>
  </Line>
  <Line>
    <P Name="ZOrder">20</P>
    <P Name="Src">2227#out:1</P>
    <P Name="Dst">2310#in:2</P>
  </Line>
  <Line>
    <P Name="ZOrder">21</P>
    <P Name="Src">2310#out:1</P>
    <P Name="Dst">2256#in:1</P>
  </Line>
  <Line>
    <P Name="ZOrder">22</P>
    <P Name="Src">2326#out:1</P>
    <P Name="Dst">2256#in:2</P>
  </Line>
  <Line>
    <P Name="ZOrder">23</P>
    <P Name="Src">2256#out:1</P>
    <P Name="Dst">2273#in:1</P>
  </Line>
  <Line>
    <P Name="ZOrder">24</P>
    <P Name="Src">2256#out:2</P>
    <P Name="Dst">2273#in:2</P>
  </Line>
  <Line>
    <P Name="ZOrder">25</P>
    <P Name="Src">2311#out:1</P>
    <P Name="Dst">2273#in:3</P>
  </Line>
</System>
