<?xml version="1.0" encoding="utf-8"?>
<System>
  <P Name="Location">[80, 25, 1627, 811]</P>
  <Block BlockType="Inport" Name="In1" SID="2501">
    <P Name="Position">[110, 103, 140, 117]</P>
    <P Name="ZOrder">-1</P>
    <P Name="ForegroundColor">cyan</P>
    <PortProperties>
      <Port Type="out" Index="1">
        <P Name="PropagatedSignals">temperature</P>
      </Port>
    </PortProperties>
  </Block>
  <Block BlockType="TriggerPort" Name="Trigger" SID="2502">
    <PortCounts/>
    <P Name="Position">[225, 20, 245, 40]</P>
    <P Name="ZOrder">-2</P>
    <P Name="ForegroundColor">cyan</P>
    <P Name="TriggerType">either</P>
    <P Name="VariantControl">Variant</P>
    <P Name="StatesWhenEnabling">held</P>
  </Block>
  <Block BlockType="Outport" Name="Out1" SID="2503">
    <P Name="Position">[360, 103, 390, 117]</P>
    <P Name="ZOrder">-3</P>
    <P Name="ForegroundColor">cyan</P>
  </Block>
  <Line>
    <P Name="ZOrder">1</P>
    <P Name="Src">2501#out:1</P>
    <P Name="Dst">2503#in:1</P>
  </Line>
</System>
