<?xml version="1.0" encoding="utf-8"?>
<System>
  <P Name="Location">[-1, -8, 1921, 1041]</P>
  <Block BlockType="Inport" Name="ReferenceValueServerCmds" SID="86">
    <P Name="Position">[-840, 163, -810, 177]</P>
    <P Name="ZOrder">222</P>
    <P Name="OutDataTypeStr">Bus: CommandBus</P>
    <PortProperties>
      <Port Type="out" Index="1">
        <P Name="PropagatedSignals">cmd</P>
      </Port>
    </PortProperties>
  </Block>
  <Block BlockType="Inport" Name="Sensors" SID="277">
    <P Name="Position">[-840, 473, -810, 487]</P>
    <P Name="ZOrder">5457</P>
    <P Name="Port">2</P>
    <P Name="OutDataTypeStr">Bus: SensorsBus</P>
    <P Name="BusOutputAsStruct">on</P>
    <PortProperties>
      <Port Type="out" Index="1">
        <P Name="PropagatedSignals">sensors</P>
      </Port>
    </PortProperties>
  </Block>
  <Block BlockType="Inport" Name="Vision-based Data LR" SID="403">
    <P Name="Position">[-300, 243, -270, 257]</P>
    <P Name="ZOrder">5464</P>
    <P Name="Port">3</P>
  </Block>
  <Block BlockType="BusSelector" Name="Bus&#xA;Selector1" SID="92">
    <PortCounts in="1" out="1"/>
    <P Name="Position">[-615, 506, -610, 584]</P>
    <P Name="ZOrder">1245</P>
    <P Name="ShowName">off</P>
    <P Name="OutputSignals">opticalFlow_data</P>
    <PortProperties>
      <Port Type="out" Index="1">
        <P Name="Name">&lt;opticalFlow_data&gt;</P>
      </Port>
    </PortProperties>
  </Block>
  <Block BlockType="BusSelector" Name="Bus&#xA;Selector4" SID="280">
    <PortCounts in="1" out="2"/>
    <P Name="Position">[-730, 531, -725, 584]</P>
    <P Name="ZOrder">5460</P>
    <P Name="ShowName">off</P>
    <P Name="OutputSignals">VisionSensors,SensorCalibration</P>
    <PortProperties>
      <Port Type="out" Index="1">
        <P Name="Name">&lt;VisionSensors&gt;</P>
      </Port>
      <Port Type="out" Index="2">
        <P Name="Name">&lt;SensorCalibration&gt;</P>
      </Port>
    </PortProperties>
  </Block>
  <Block BlockType="BusAssignment" Name="Control Mode Update" SID="623">
    <PortCounts in="2" out="1"/>
    <P Name="Position">[-575, 161, -530, 199]</P>
    <P Name="ZOrder">5634</P>
    <P Name="AssignedSignals">controlModePosVSOrient</P>
  </Block>
  <Block BlockType="SubSystem" Name="Controller" SID="2226">
    <PortCounts in="2" out="1"/>
    <P Name="Position">[180, 189, 370, 271]</P>
    <P Name="ZOrder">5654</P>
    <System Ref="system_2226"/>
  </Block>
  <Block BlockType="SubSystem" Name="Crash Predictor Flags" SID="2149">
    <PortCounts in="3" out="1"/>
    <P Name="Position">[-150, 536, -50, 624]</P>
    <P Name="ZOrder">5653</P>
    <System Ref="system_2149"/>
  </Block>
  <Block BlockType="SubSystem" Name="Path Planning" SID="409">
    <PortCounts in="3" out="1"/>
    <P Name="Position">[-175, 171, 40, 269]</P>
    <P Name="ZOrder">5628</P>
    <P Name="BackgroundColor">[1.000000, 0.694118, 0.392157]</P>
    <P Name="DropShadow">on</P>
    <P Name="HideAutomaticName">off</P>
    <System Ref="system_409"/>
  </Block>
  <Block BlockType="SubSystem" Name="State Estimator" SID="2335">
    <PortCounts in="4" out="2"/>
    <P Name="Position">[-525, 378, -355, 647]</P>
    <P Name="ZOrder">5655</P>
    <System Ref="system_2335"/>
  </Block>
  <Block BlockType="ToWorkspace" Name="To Workspace" SID="1619">
    <PortCounts in="1"/>
    <P Name="Position">[-130, 430, -70, 460]</P>
    <P Name="ZOrder">5648</P>
    <P Name="VariableName">estimatedStates</P>
    <P Name="MaxDataPoints">inf</P>
    <P Name="SaveFormat">Structure With Time</P>
    <P Name="FixptAsFi">on</P>
    <P Name="SampleTime">-1</P>
  </Block>
  <Block BlockType="Constant" Name="controlModePosVsOrient" SID="621">
    <P Name="Position">[-755, 280, -725, 310]</P>
    <P Name="ZOrder">5632</P>
    <P Name="OutDataTypeStr">boolean</P>
  </Block>
  <Block BlockType="Outport" Name="motorCmds" SID="137">
    <P Name="Position">[400, 223, 430, 237]</P>
    <P Name="ZOrder">188</P>
    <P Name="VectorParamsAs1DForOutWhenUnconnected">off</P>
  </Block>
  <Block BlockType="Outport" Name="Flag" SID="273">
    <P Name="Position">[10, 573, 40, 587]</P>
    <P Name="ZOrder">5455</P>
    <P Name="Port">2</P>
    <P Name="VectorParamsAs1DForOutWhenUnconnected">off</P>
  </Block>
  <Line>
    <P Name="ZOrder">6</P>
    <P Name="Src">86#out:1</P>
    <P Name="Dst">623#in:1</P>
  </Line>
  <Line>
    <P Name="Name">&lt;opticalFlow_data&gt;</P>
    <P Name="ZOrder">705</P>
    <P Name="Labels">[0, 0]</P>
    <P Name="Src">92#out:1</P>
    <P Name="Dst">2335#in:3</P>
  </Line>
  <Line>
    <P Name="Name">&lt;SensorCalibration&gt;</P>
    <P Name="ZOrder">706</P>
    <P Name="Labels">[0, 0]</P>
    <P Name="Src">280#out:2</P>
    <P Name="Points">[92, 0; 0, 40]</P>
    <P Name="Dst">2335#in:4</P>
  </Line>
  <Line>
    <P Name="ZOrder">700</P>
    <P Name="Src">409#out:1</P>
    <P Name="Points">[65, 0; 0, -10]</P>
    <P Name="Dst">2226#in:1</P>
  </Line>
  <Line>
    <P Name="Name">&lt;VisionSensors&gt;</P>
    <P Name="ZOrder">106</P>
    <P Name="Labels">[-1, 0]</P>
    <P Name="Src">280#out:1</P>
    <P Name="Dst">92#in:1</P>
  </Line>
  <Line>
    <P Name="ZOrder">135</P>
    <P Name="Src">403#out:1</P>
    <P Name="Dst">409#in:3</P>
  </Line>
  <Line>
    <P Name="ZOrder">679</P>
    <P Name="Src">2149#out:1</P>
    <P Name="Dst">273#in:1</P>
  </Line>
  <Line>
    <P Name="ZOrder">303</P>
    <P Name="Src">623#out:1</P>
    <P Name="Points">[310, 0; 0, 10]</P>
    <P Name="Dst">409#in:1</P>
  </Line>
  <Line>
    <P Name="ZOrder">302</P>
    <P Name="Src">621#out:1</P>
    <P Name="Points">[111, 0]</P>
    <Branch>
      <P Name="ZOrder">703</P>
      <P Name="Points">[0, 120]</P>
      <P Name="Dst">2335#in:1</P>
    </Branch>
    <Branch>
      <P Name="ZOrder">313</P>
      <P Name="Points">[0, -105]</P>
      <P Name="Dst">623#in:2</P>
    </Branch>
  </Line>
  <Line>
    <P Name="ZOrder">698</P>
    <P Name="Src">2226#out:1</P>
    <P Name="Dst">137#in:1</P>
  </Line>
  <Line>
    <P Name="ZOrder">98</P>
    <P Name="Src">277#out:1</P>
    <P Name="Points">[35, 0]</P>
    <Branch>
      <P Name="ZOrder">704</P>
      <P Name="Dst">2335#in:2</P>
    </Branch>
    <Branch>
      <P Name="ZOrder">577</P>
      <P Name="Points">[0, 80]</P>
      <Branch>
        <P Name="ZOrder">680</P>
        <P Name="Points">[0, 123; 481, 0; 0, -73]</P>
        <P Name="Dst">2149#in:3</P>
      </Branch>
      <Branch>
        <P Name="ZOrder">584</P>
        <P Name="Dst">280#in:1</P>
      </Branch>
    </Branch>
  </Line>
  <Line>
    <P Name="ZOrder">701</P>
    <P Name="Src">2335#out:1</P>
    <P Name="Points">[23, 0]</P>
    <Branch>
      <P Name="ZOrder">730</P>
      <P Name="Points">[0, -110; 123, 0]</P>
      <Branch>
        <P Name="ZOrder">699</P>
        <P Name="Points">[356, 0; 0, -85]</P>
        <P Name="Dst">2226#in:2</P>
      </Branch>
      <Branch>
        <P Name="ZOrder">593</P>
        <P Name="Points">[0, -115]</P>
        <P Name="Dst">409#in:2</P>
      </Branch>
    </Branch>
    <Branch>
      <P Name="ZOrder">671</P>
      <P Name="Dst">1619#in:1</P>
    </Branch>
    <Branch>
      <P Name="ZOrder">650</P>
      <P Name="Points">[0, 105]</P>
      <P Name="Dst">2149#in:1</P>
    </Branch>
  </Line>
  <Line>
    <P Name="ZOrder">702</P>
    <P Name="Src">2335#out:2</P>
    <P Name="Dst">2149#in:2</P>
  </Line>
  <Annotation SID="624">
    <P Name="Name">Position or Orientation Control</P>
    <P Name="Position">[-815, 243, -640, 347]</P>
    <P Name="InternalMargins">[0, 0, 0, 0]</P>
    <P Name="FixedHeight">on</P>
    <P Name="FixedWidth">on</P>
    <P Name="HorizontalAlignment">left</P>
    <P Name="VerticalAlignment">top</P>
    <P Name="ForegroundColor">[0.992157, 0.937255, 0.913725]</P>
    <P Name="BackgroundColor">[0.992157, 0.937255, 0.913725]</P>
    <P Name="DropShadow">on</P>
    <P Name="AnnotationType">area_annotation</P>
    <P Name="ZOrder">571</P>
    <P Name="FontName">Arial</P>
    <P Name="FontSize">12</P>
  </Annotation>
  <Annotation SID="595">
    <P Name="Name">Use this subsystem to change the path of the 
Minidrone depending on the input Vision-based 
Data</P>
    <P Name="Position">[-213, 79, 114, 295]</P>
    <P Name="InternalMargins">[0, 0, 0, 0]</P>
    <P Name="FixedHeight">on</P>
    <P Name="FixedWidth">on</P>
    <P Name="HorizontalAlignment">left</P>
    <P Name="VerticalAlignment">top</P>
    <P Name="ForegroundColor">[0.992157, 0.937255, 0.913725]</P>
    <P Name="BackgroundColor">[0.992157, 0.937255, 0.913725]</P>
    <P Name="DropShadow">on</P>
    <P Name="AnnotationType">area_annotation</P>
    <P Name="ZOrder">570</P>
    <P Name="FontName">Arial</P>
    <P Name="FontSize">14</P>
    <P Name="FontWeight">bold</P>
  </Annotation>
  <Annotation SID="168">
    <P Name="Name">Derived from the work by Sertac 
Karaman and Fabian Riether</P>
    <P Name="Position">[-635, 79, -488, 107]</P>
    <P Name="InternalMargins">[0, 0, 0, 0]</P>
    <P Name="HorizontalAlignment">left</P>
    <P Name="VerticalAlignment">top</P>
    <P Name="ZOrder">-1</P>
  </Annotation>
</System>
