<?xml version="1.0" encoding="utf-8"?>
<System>
  <P Name="Location">[2, 9, 1040, 744]</P>
  <P Name="ZoomFactor">75</P>
  <Block BlockType="Inport" Name="sensorIMU" SID="2393">
    <P Name="Position">[-30, 98, 0, 112]</P>
    <P Name="ZOrder">-1</P>
    <P Name="ForegroundColor">red</P>
    <P Name="OutDataTypeStr">single</P>
  </Block>
  <Block BlockType="Selector" Name="Accelerometer" SID="2394">
    <PortCounts in="1" out="1"/>
    <P Name="Position">[80, -8, 115, 8]</P>
    <P Name="ZOrder">1306</P>
    <P Name="ForegroundColor">red</P>
    <P Name="HideAutomaticName">off</P>
    <P Name="InputPortWidth">6</P>
    <P Name="IndexOptions">Index vector (dialog)</P>
    <P Name="Indices">[1 2 3]</P>
    <P Name="OutputSizes">1</P>
  </Block>
  <Block BlockType="Reference" Name="Compare&#xA;To Constant" SID="2395">
    <PortCounts in="1" out="1"/>
    <P Name="Position">[225, 297, 400, 323]</P>
    <P Name="ZOrder">1263</P>
    <P Name="ForegroundColor">red</P>
    <P Name="ShowName">off</P>
    <P Name="LibraryVersion">7.6</P>
    <P Name="SourceBlock">simulink/Logic and Bit
Operations/Compare
To Constant</P>
    <P Name="SourceType">Compare To Constant</P>
    <InstanceData>
      <P Name="RTWMemSecFuncInitTerm">Inherit from model</P>
      <P Name="RTWMemSecFuncExecute">Inherit from model</P>
      <P Name="RTWMemSecDataConstants">Inherit from model</P>
      <P Name="RTWMemSecDataInternal">Inherit from model</P>
      <P Name="RTWMemSecDataParameters">Inherit from model</P>
      <P Name="ContentPreviewEnabled">off</P>
      <P Name="relop">&gt;</P>
      <P Name="const">((1-Estimator.kalman_acc_thres)*g)</P>
      <P Name="OutDataTypeStr">boolean</P>
      <P Name="ZeroCross">on</P>
    </InstanceData>
  </Block>
  <Block BlockType="Reference" Name="Compare&#xA;To Constant1" SID="2396">
    <PortCounts in="1" out="1"/>
    <P Name="Position">[230, 349, 400, 371]</P>
    <P Name="ZOrder">1264</P>
    <P Name="ForegroundColor">red</P>
    <P Name="ShowName">off</P>
    <P Name="LibraryVersion">7.6</P>
    <P Name="SourceBlock">simulink/Logic and Bit
Operations/Compare
To Constant</P>
    <P Name="SourceType">Compare To Constant</P>
    <InstanceData>
      <P Name="RTWMemSecFuncInitTerm">Inherit from model</P>
      <P Name="RTWMemSecFuncExecute">Inherit from model</P>
      <P Name="RTWMemSecDataConstants">Inherit from model</P>
      <P Name="RTWMemSecDataInternal">Inherit from model</P>
      <P Name="RTWMemSecDataParameters">Inherit from model</P>
      <P Name="ContentPreviewEnabled">off</P>
      <P Name="relop">&lt;</P>
      <P Name="const">((1+Estimator.kalman_acc_thres)*g)</P>
      <P Name="OutDataTypeStr">boolean</P>
      <P Name="ZeroCross">on</P>
    </InstanceData>
  </Block>
  <Block BlockType="DataTypeConversion" Name="Data Type Conversion1" SID="2397">
    <P Name="Position">[285, 160, 325, 180]</P>
    <P Name="ZOrder">1292</P>
    <P Name="ForegroundColor">red</P>
    <P Name="ShowName">off</P>
    <P Name="OutDataTypeStr">single</P>
    <P Name="RndMeth">Floor</P>
    <P Name="SaturateOnIntegerOverflow">off</P>
  </Block>
  <Block BlockType="DataTypeConversion" Name="Data Type Conversion3" SID="2398">
    <P Name="Position">[920, 70, 960, 90]</P>
    <P Name="ZOrder">1294</P>
    <P Name="ForegroundColor">red</P>
    <P Name="ShowName">off</P>
    <P Name="OutDataTypeStr">single</P>
    <P Name="RndMeth">Floor</P>
    <P Name="SaturateOnIntegerOverflow">off</P>
  </Block>
  <Block BlockType="Selector" Name="Gyroscope" SID="2399">
    <PortCounts in="1" out="1"/>
    <P Name="Position">[75, 98, 115, 112]</P>
    <P Name="ZOrder">1278</P>
    <P Name="ForegroundColor">red</P>
    <P Name="HideAutomaticName">off</P>
    <P Name="InputPortWidth">6</P>
    <P Name="IndexOptions">Index vector (dialog)</P>
    <P Name="Indices">[4 5 6]</P>
    <P Name="OutputSizes">1</P>
  </Block>
  <Block BlockType="Logic" Name="Logical&#xA;Operator" SID="2400">
    <PortCounts in="2" out="1"/>
    <P Name="Position">[420, 286, 440, 384]</P>
    <P Name="ZOrder">1265</P>
    <P Name="ForegroundColor">red</P>
    <P Name="ShowName">off</P>
    <P Name="AllPortsSameDT">off</P>
    <P Name="OutDataTypeStr">fixdt(1,16)</P>
  </Block>
  <Block BlockType="Mux" Name="Mux" SID="2401">
    <PortCounts in="3" out="1"/>
    <P Name="Position">[885, 61, 890, 99]</P>
    <P Name="ZOrder">1275</P>
    <P Name="ForegroundColor">red</P>
    <P Name="ShowName">off</P>
    <P Name="Inputs">3</P>
    <P Name="DisplayOption">bar</P>
  </Block>
  <Block BlockType="Mux" Name="Mux1" SID="2402">
    <PortCounts in="3" out="1"/>
    <P Name="Position">[915, -179, 920, -141]</P>
    <P Name="ZOrder">1314</P>
    <P Name="ForegroundColor">red</P>
    <P Name="ShowName">off</P>
    <P Name="Inputs">3</P>
    <P Name="DisplayOption">bar</P>
  </Block>
  <Block BlockType="Mux" Name="Mux2" SID="2403">
    <PortCounts in="3" out="1"/>
    <P Name="Position">[915, -119, 920, -81]</P>
    <P Name="ZOrder">1315</P>
    <P Name="ForegroundColor">red</P>
    <P Name="ShowName">off</P>
    <P Name="Inputs">3</P>
    <P Name="DisplayOption">bar</P>
  </Block>
  <Block BlockType="SubSystem" Name="Pitch_Kalman" SID="2404">
    <PortCounts in="3" out="2"/>
    <P Name="Position">[485, -11, 645, 51]</P>
    <P Name="ZOrder">1304</P>
    <P Name="ForegroundColor">red</P>
    <P Name="ContentPreviewEnabled">on</P>
    <PortProperties>
      <Port Type="out" Index="1">
        <P Name="Name">pitch</P>
      </Port>
    </PortProperties>
    <System Ref="system_2404"/>
  </Block>
  <Block BlockType="SubSystem" Name="Roll_Kalman" SID="2419">
    <PortCounts in="3" out="2"/>
    <P Name="Position">[485, 75, 645, 135]</P>
    <P Name="ZOrder">1305</P>
    <P Name="ForegroundColor">red</P>
    <P Name="ContentPreviewEnabled">on</P>
    <PortProperties>
      <Port Type="out" Index="1">
        <P Name="Name">roll</P>
      </Port>
    </PortProperties>
    <System Ref="system_2419"/>
  </Block>
  <Block BlockType="Selector" Name="Selector2" SID="2434">
    <PortCounts in="1" out="1"/>
    <P Name="Position">[60, 292, 95, 308]</P>
    <P Name="ZOrder">1254</P>
    <P Name="ForegroundColor">red</P>
    <P Name="ShowName">off</P>
    <P Name="InputPortWidth">6</P>
    <P Name="IndexOptions">Index vector (dialog)</P>
    <P Name="Indices">[1 2 3]</P>
    <P Name="OutputSizes">1</P>
  </Block>
  <Block BlockType="Selector" Name="Selector4" SID="2435">
    <PortCounts in="1" out="1"/>
    <P Name="Position">[365, 12, 400, 28]</P>
    <P Name="ZOrder">1307</P>
    <P Name="ForegroundColor">red</P>
    <P Name="ShowName">off</P>
    <P Name="InputPortWidth">3</P>
    <P Name="IndexOptions">Index vector (dialog)</P>
    <P Name="Indices">[2]</P>
    <P Name="OutputSizes">1</P>
  </Block>
  <Block BlockType="Selector" Name="Selector5" SID="2436">
    <PortCounts in="1" out="1"/>
    <P Name="Position">[365, -93, 400, -77]</P>
    <P Name="ZOrder">1308</P>
    <P Name="ForegroundColor">red</P>
    <P Name="ShowName">off</P>
    <P Name="InputPortWidth">3</P>
    <P Name="IndexOptions">Index vector (dialog)</P>
    <P Name="Indices">[3]</P>
    <P Name="OutputSizes">1</P>
  </Block>
  <Block BlockType="Selector" Name="Selector6" SID="2437">
    <PortCounts in="1" out="1"/>
    <P Name="Position">[365, 97, 400, 113]</P>
    <P Name="ZOrder">1309</P>
    <P Name="ForegroundColor">red</P>
    <P Name="ShowName">off</P>
    <P Name="InputPortWidth">3</P>
    <P Name="IndexOptions">Index vector (dialog)</P>
    <P Name="Indices">[1]</P>
    <P Name="OutputSizes">1</P>
  </Block>
  <Block BlockType="Sum" Name="Subtract" SID="2438">
    <PortCounts in="2" out="1"/>
    <P Name="Position">[940, -189, 950, -71]</P>
    <P Name="ZOrder">1312</P>
    <P Name="ForegroundColor">red</P>
    <P Name="IconShape">rectangular</P>
    <P Name="Inputs">+-</P>
  </Block>
  <Block BlockType="SubSystem" Name="Yaw_integrator" SID="2439">
    <PortCounts in="1" out="2"/>
    <P Name="Position">[485, -115, 645, -55]</P>
    <P Name="ZOrder">1303</P>
    <P Name="ForegroundColor">red</P>
    <P Name="ContentPreviewEnabled">on</P>
    <System Ref="system_2439"/>
  </Block>
  <Block BlockType="SubSystem" Name="norm(accelerometer)" SID="2447">
    <PortCounts in="1" out="1"/>
    <P Name="Position">[125, 290, 155, 310]</P>
    <P Name="ZOrder">1316</P>
    <P Name="ForegroundColor">red</P>
    <P Name="ContentPreviewEnabled">on</P>
    <System Ref="system_2447"/>
  </Block>
  <Block BlockType="Outport" Name="orient_estimaout" SID="2455">
    <P Name="Position">[1000, 73, 1030, 87]</P>
    <P Name="ZOrder">-2</P>
    <P Name="ForegroundColor">red</P>
    <P Name="VectorParamsAs1DForOutWhenUnconnected">off</P>
  </Block>
  <Block BlockType="Outport" Name="imu_abs" SID="2456">
    <P Name="Position">[265, 398, 295, 412]</P>
    <P Name="ZOrder">5</P>
    <P Name="ForegroundColor">red</P>
    <P Name="Port">2</P>
    <P Name="OutDataTypeStr">single</P>
    <P Name="VectorParamsAs1DForOutWhenUnconnected">off</P>
  </Block>
  <Block BlockType="Outport" Name="dorient_estimaout" SID="2457">
    <P Name="Position">[370, 163, 400, 177]</P>
    <P Name="ZOrder">3</P>
    <P Name="ForegroundColor">red</P>
    <P Name="Port">3</P>
    <P Name="VectorParamsAs1DForOutWhenUnconnected">off</P>
  </Block>
  <Block BlockType="Outport" Name="angular velocity" SID="2458">
    <P Name="Position">[1000, -137, 1030, -123]</P>
    <P Name="ZOrder">1311</P>
    <P Name="ForegroundColor">red</P>
    <P Name="Port">4</P>
    <P Name="VectorParamsAs1DForOutWhenUnconnected">off</P>
  </Block>
  <Line>
    <P Name="ZOrder">1</P>
    <P Name="Src">2393#out:1</P>
    <P Name="Points">[38, 0]</P>
    <Branch>
      <P Name="ZOrder">2</P>
      <P Name="Points">[0, 195]</P>
      <P Name="Dst">2434#in:1</P>
    </Branch>
    <Branch>
      <P Name="ZOrder">3</P>
      <P Name="Points">[0, -105]</P>
      <P Name="Dst">2394#in:1</P>
    </Branch>
    <Branch>
      <P Name="ZOrder">4</P>
      <P Name="Dst">2399#in:1</P>
    </Branch>
  </Line>
  <Line>
    <P Name="ZOrder">5</P>
    <P Name="Src">2395#out:1</P>
    <P Name="Dst">2400#in:1</P>
  </Line>
  <Line>
    <P Name="ZOrder">6</P>
    <P Name="Src">2396#out:1</P>
    <P Name="Dst">2400#in:2</P>
  </Line>
  <Line>
    <P Name="ZOrder">7</P>
    <P Name="Src">2401#out:1</P>
    <P Name="Dst">2398#in:1</P>
  </Line>
  <Line>
    <P Name="ZOrder">8</P>
    <P Name="Src">2399#out:1</P>
    <P Name="Points">[62, 0]</P>
    <Branch>
      <P Name="ZOrder">9</P>
      <P Name="Points">[0, 65]</P>
      <P Name="Dst">2397#in:1</P>
    </Branch>
    <Branch>
      <P Name="ZOrder">10</P>
      <P Name="Points">[0, -85]</P>
      <Branch>
        <P Name="ZOrder">11</P>
        <P Name="Points">[0, -105]</P>
        <P Name="Dst">2436#in:1</P>
      </Branch>
      <Branch>
        <P Name="ZOrder">12</P>
        <P Name="Dst">2435#in:1</P>
      </Branch>
    </Branch>
    <Branch>
      <P Name="ZOrder">13</P>
      <P Name="Dst">2437#in:1</P>
    </Branch>
  </Line>
  <Line>
    <P Name="ZOrder">14</P>
    <P Name="Src">2398#out:1</P>
    <P Name="Dst">2455#in:1</P>
  </Line>
  <Line>
    <P Name="ZOrder">15</P>
    <P Name="Src">2397#out:1</P>
    <P Name="Dst">2457#in:1</P>
  </Line>
  <Line>
    <P Name="ZOrder">16</P>
    <P Name="Src">2394#out:1</P>
    <P Name="Points">[331, 0]</P>
    <Branch>
      <P Name="ZOrder">17</P>
      <P Name="Points">[0, 85]</P>
      <P Name="Dst">2419#in:1</P>
    </Branch>
    <Branch>
      <P Name="ZOrder">18</P>
      <P Name="Dst">2404#in:1</P>
    </Branch>
  </Line>
  <Line>
    <P Name="ZOrder">19</P>
    <P Name="Src">2435#out:1</P>
    <P Name="Points">[40, 0]</P>
    <Branch>
      <P Name="ZOrder">20</P>
      <P Name="Points">[0, -180]</P>
      <P Name="Dst">2402#in:2</P>
    </Branch>
    <Branch>
      <P Name="ZOrder">21</P>
      <P Name="Dst">2404#in:2</P>
    </Branch>
  </Line>
  <Line>
    <P Name="ZOrder">22</P>
    <P Name="Src">2436#out:1</P>
    <P Name="Points">[52, 0]</P>
    <Branch>
      <P Name="ZOrder">23</P>
      <P Name="Points">[0, -65]</P>
      <P Name="Dst">2402#in:3</P>
    </Branch>
    <Branch>
      <P Name="ZOrder">24</P>
      <P Name="Dst">2439#in:1</P>
    </Branch>
  </Line>
  <Line>
    <P Name="ZOrder">25</P>
    <P Name="Src">2437#out:1</P>
    <P Name="Points">[30, 0]</P>
    <Branch>
      <P Name="ZOrder">26</P>
      <P Name="Points">[0, -275]</P>
      <P Name="Dst">2402#in:1</P>
    </Branch>
    <Branch>
      <P Name="ZOrder">27</P>
      <P Name="Dst">2419#in:2</P>
    </Branch>
  </Line>
  <Line>
    <P Name="ZOrder">28</P>
    <P Name="Src">2439#out:1</P>
    <P Name="Points">[59, 0; 0, 170]</P>
    <P Name="Dst">2401#in:1</P>
  </Line>
  <Line>
    <P Name="Name">pitch</P>
    <P Name="ZOrder">29</P>
    <P Name="Labels">[0, 0]</P>
    <P Name="Src">2404#out:1</P>
    <P Name="Points">[35, 0; 0, 75]</P>
    <P Name="Dst">2401#in:2</P>
  </Line>
  <Line>
    <P Name="Name">roll</P>
    <P Name="ZOrder">30</P>
    <P Name="Labels">[0, 0]</P>
    <P Name="Src">2419#out:1</P>
    <P Name="Dst">2401#in:3</P>
  </Line>
  <Line>
    <P Name="ZOrder">31</P>
    <P Name="Src">2400#out:1</P>
    <P Name="Points">[16, 0; 0, -210]</P>
    <Branch>
      <P Name="ZOrder">32</P>
      <P Name="Dst">2419#in:3</P>
    </Branch>
    <Branch>
      <P Name="ZOrder">33</P>
      <P Name="Points">[0, -85]</P>
      <P Name="Dst">2404#in:3</P>
    </Branch>
  </Line>
  <Line>
    <P Name="ZOrder">34</P>
    <P Name="Src">2402#out:1</P>
    <P Name="Dst">2438#in:1</P>
  </Line>
  <Line>
    <P Name="ZOrder">35</P>
    <P Name="Src">2438#out:1</P>
    <P Name="Dst">2458#in:1</P>
  </Line>
  <Line>
    <P Name="ZOrder">36</P>
    <P Name="Src">2419#out:2</P>
    <P Name="Points">[213, 0; 0, -230]</P>
    <P Name="Dst">2403#in:1</P>
  </Line>
  <Line>
    <P Name="ZOrder">37</P>
    <P Name="Src">2404#out:2</P>
    <P Name="Points">[190, 0; 0, -135]</P>
    <P Name="Dst">2403#in:2</P>
  </Line>
  <Line>
    <P Name="ZOrder">38</P>
    <P Name="Src">2439#out:2</P>
    <P Name="Points">[172, 0; 0, -20]</P>
    <P Name="Dst">2403#in:3</P>
  </Line>
  <Line>
    <P Name="ZOrder">39</P>
    <P Name="Src">2403#out:1</P>
    <P Name="Dst">2438#in:2</P>
  </Line>
  <Line>
    <P Name="ZOrder">40</P>
    <P Name="Src">2447#out:1</P>
    <P Name="Points">[45, 0; 0, 10]</P>
    <Branch>
      <P Name="ZOrder">41</P>
      <P Name="Points">[0, 50]</P>
      <Branch>
        <P Name="ZOrder">42</P>
        <P Name="Points">[0, 45]</P>
        <P Name="Dst">2456#in:1</P>
      </Branch>
      <Branch>
        <P Name="ZOrder">43</P>
        <P Name="Dst">2396#in:1</P>
      </Branch>
    </Branch>
    <Branch>
      <P Name="ZOrder">44</P>
      <P Name="Dst">2395#in:1</P>
    </Branch>
  </Line>
  <Line>
    <P Name="ZOrder">45</P>
    <P Name="Src">2434#out:1</P>
    <P Name="Dst">2447#in:1</P>
  </Line>
  <Annotation SID="2460">
    <P Name="Name">ACCELEROMETER CHECK</P>
    <P Name="Position">[186, 267, 315, 282]</P>
    <P Name="InternalMargins">[0, 0, 0, 0]</P>
    <P Name="HorizontalAlignment">left</P>
    <P Name="VerticalAlignment">top</P>
    <P Name="ZOrder">-1</P>
  </Annotation>
  <Annotation SID="2459">
    <P Name="Name">&lt;!DOCTYPE HTML PUBLIC &quot;-//W3C//DTD HTML 4.0//EN&quot; &quot;http://www.w3.org/TR/REC-html40/strict.dtd&quot;&gt;
&lt;html&gt;&lt;head&gt;&lt;meta name=&quot;qrichtext&quot; content=&quot;1&quot; /&gt;&lt;style type=&quot;text/css&quot;&gt;
p, li { white-space: pre-wrap; }
&lt;/style&gt;&lt;/head&gt;&lt;body align=&quot;left&quot; style=&quot; font-family:&apos;Helvetica&apos;; font-size:10px; font-weight:400; font-style:normal;&quot;&gt;
&lt;p align=&quot;left&quot; style=&quot; margin-top:0px; margin-bottom:0px; margin-left:0px; margin-right:0px; -qt-block-indent:0; text-indent:0px;&quot;&gt;&lt;span style=&quot; font-size:12px;&quot;&gt;This estimator algorithm is developed for linearized kinematic model (model is linearized about hovering condition)&lt;br /&gt;This estimator may not work for large angle / aggressive maneuvers. &lt;/span&gt;&lt;/p&gt;
&lt;p align=&quot;left&quot; style=&quot;-qt-paragraph-type:empty; margin-top:0px; margin-bottom:0px; margin-left:0px; margin-right:0px; -qt-block-indent:0; text-indent:0px;&quot;&gt;&lt;br /&gt;&lt;/p&gt;&lt;/body&gt;&lt;/html&gt;</P>
    <P Name="Position">[496, 307, 1221, 363]</P>
    <P Name="InternalMargins">[0, 0, 0, 0]</P>
    <P Name="FixedHeight">on</P>
    <P Name="FixedWidth">on</P>
    <P Name="HorizontalAlignment">left</P>
    <P Name="VerticalAlignment">top</P>
    <P Name="Interpreter">rich</P>
    <P Name="ZOrder">-2</P>
  </Annotation>
</System>
