<?xml version="1.0" encoding="utf-8"?>
<System>
  <P Name="Location">[-8, -8, 1928, 1048]</P>
  <P Name="ZoomFactor">118</P>
  <Block BlockType="Inport" Name="altSonar_datin" SID="2357">
    <P Name="Position">[5, 100, 30, 110]</P>
    <P Name="ZOrder">575</P>
    <P Name="NameLocation">top</P>
  </Block>
  <Block BlockType="Inport" Name="altPrs_datin" SID="2358">
    <P Name="Position">[0, 273, 30, 287]</P>
    <P Name="ZOrder">577</P>
    <P Name="Port">2</P>
    <PortProperties>
      <Port Type="out" Index="1">
        <P Name="PropagatedSignals">altfrompress</P>
      </Port>
    </PortProperties>
  </Block>
  <Block BlockType="Inport" Name="Z_estimin" SID="2359">
    <P Name="Position">[0, 173, 30, 187]</P>
    <P Name="ZOrder">576</P>
    <P Name="Port">3</P>
  </Block>
  <Block BlockType="Abs" Name="Absestdiff" SID="2360">
    <P Name="Position">[440, 100, 470, 130]</P>
    <P Name="ZOrder">521</P>
    <P Name="ShowName">off</P>
    <P Name="SaturateOnIntegerOverflow">off</P>
  </Block>
  <Block BlockType="Abs" Name="Absestdiff1" SID="2361">
    <P Name="Position">[470, 260, 500, 290]</P>
    <P Name="ZOrder">566</P>
    <P Name="ShowName">off</P>
    <P Name="SaturateOnIntegerOverflow">off</P>
  </Block>
  <Block BlockType="Abs" Name="Absestdiff2" SID="2362">
    <P Name="Position">[470, 370, 500, 400]</P>
    <P Name="ZOrder">572</P>
    <P Name="ShowName">off</P>
    <P Name="SaturateOnIntegerOverflow">off</P>
  </Block>
  <Block BlockType="Sum" Name="Add" SID="2363">
    <PortCounts in="2" out="1"/>
    <P Name="Position">[385, 97, 415, 128]</P>
    <P Name="ZOrder">523</P>
    <P Name="ShowName">off</P>
    <P Name="IconShape">rectangular</P>
    <P Name="Inputs">-+</P>
  </Block>
  <Block BlockType="Sum" Name="Add1" SID="2364">
    <PortCounts in="2" out="1"/>
    <P Name="Position">[415, 257, 445, 288]</P>
    <P Name="ZOrder">565</P>
    <P Name="ShowName">off</P>
    <P Name="IconShape">rectangular</P>
    <P Name="Inputs">-+</P>
  </Block>
  <Block BlockType="Sum" Name="Add2" SID="2365">
    <PortCounts in="2" out="1"/>
    <P Name="Position">[415, 357, 445, 408]</P>
    <P Name="ZOrder">571</P>
    <P Name="ShowName">off</P>
    <P Name="IconShape">rectangular</P>
    <P Name="Inputs">-+</P>
  </Block>
  <Block BlockType="Logic" Name="NOT" SID="2366">
    <PortCounts in="1" out="1"/>
    <P Name="Position">[724, 245, 756, 275]</P>
    <P Name="ZOrder">581</P>
    <P Name="BlockRotation">270</P>
    <P Name="Operator">NOT</P>
    <P Name="IconShape">distinctive</P>
    <P Name="AllPortsSameDT">off</P>
    <P Name="OutDataTypeStr">boolean</P>
  </Block>
  <Block BlockType="Saturate" Name="SaturationSonar" SID="2367">
    <P Name="Position">[295, 90, 325, 120]</P>
    <P Name="ZOrder">525</P>
    <P Name="UpperLimit">-Sensors.altSensorMin</P>
    <P Name="LowerLimit">-inf</P>
  </Block>
  <Block BlockType="Reference" Name="check for min altitude" SID="2368">
    <PortCounts in="1" out="1"/>
    <P Name="Position">[500, 170, 530, 200]</P>
    <P Name="ZOrder">528</P>
    <P Name="LibraryVersion">7.6</P>
    <P Name="SourceBlock">simulink/Logic and Bit
Operations/Compare
To Constant</P>
    <P Name="SourceType">Compare To Constant</P>
    <InstanceData>
      <P Name="RTWMemSecFuncInitTerm">Inherit from model</P>
      <P Name="RTWMemSecFuncExecute">Inherit from model</P>
      <P Name="RTWMemSecDataConstants">Inherit from model</P>
      <P Name="RTWMemSecDataInternal">Inherit from model</P>
      <P Name="RTWMemSecDataParameters">Inherit from model</P>
      <P Name="ContentPreviewEnabled">off</P>
      <P Name="relop">&lt;</P>
      <P Name="const">-Sensors.altSensorMin</P>
      <P Name="OutDataTypeStr">boolean</P>
      <P Name="ZeroCross">on</P>
    </InstanceData>
  </Block>
  <Block BlockType="Reference" Name="currentEstimateVeryOffFromPressure" SID="2369">
    <PortCounts in="1" out="1"/>
    <P Name="Position">[525, 260, 595, 290]</P>
    <P Name="ZOrder">567</P>
    <P Name="LibraryVersion">7.6</P>
    <P Name="SourceBlock">simulink/Logic and Bit
Operations/Compare
To Constant</P>
    <P Name="SourceType">Compare To Constant</P>
    <InstanceData>
      <P Name="RTWMemSecFuncInitTerm">Inherit from model</P>
      <P Name="RTWMemSecFuncExecute">Inherit from model</P>
      <P Name="RTWMemSecDataConstants">Inherit from model</P>
      <P Name="RTWMemSecDataInternal">Inherit from model</P>
      <P Name="RTWMemSecDataParameters">Inherit from model</P>
      <P Name="ContentPreviewEnabled">off</P>
      <P Name="relop">&gt;=</P>
      <P Name="const">Estimator.alt.deltaPrsToCurrentThreshold</P>
      <P Name="OutDataTypeStr">boolean</P>
      <P Name="ZeroCross">on</P>
    </InstanceData>
  </Block>
  <Block BlockType="Reference" Name="currentStateVeryOffsonarflt" SID="2370">
    <PortCounts in="1" out="1"/>
    <P Name="Position">[525, 372, 600, 398]</P>
    <P Name="ZOrder">573</P>
    <P Name="LibraryVersion">7.6</P>
    <P Name="SourceBlock">simulink/Logic and Bit
Operations/Compare
To Constant</P>
    <P Name="SourceType">Compare To Constant</P>
    <InstanceData>
      <P Name="RTWMemSecFuncInitTerm">Inherit from model</P>
      <P Name="RTWMemSecFuncExecute">Inherit from model</P>
      <P Name="RTWMemSecDataConstants">Inherit from model</P>
      <P Name="RTWMemSecDataInternal">Inherit from model</P>
      <P Name="RTWMemSecDataParameters">Inherit from model</P>
      <P Name="ContentPreviewEnabled">off</P>
      <P Name="relop">&gt;=</P>
      <P Name="const">Estimator.alt.deltaSonarToFilteredThreshold</P>
      <P Name="OutDataTypeStr">boolean</P>
      <P Name="ZeroCross">on</P>
    </InstanceData>
  </Block>
  <Block BlockType="Logic" Name="findingoutliers" SID="2371">
    <PortCounts in="2" out="1"/>
    <P Name="Position">[700, 131, 730, 164]</P>
    <P Name="ZOrder">529</P>
    <P Name="ShowName">off</P>
    <P Name="AllPortsSameDT">off</P>
    <P Name="OutDataTypeStr">boolean</P>
  </Block>
  <Block BlockType="Logic" Name="newupdateneeded" SID="2372">
    <PortCounts in="2" out="1"/>
    <P Name="Position">[690, 286, 720, 319]</P>
    <P Name="ZOrder">568</P>
    <P Name="ShowName">off</P>
    <P Name="AllPortsSameDT">off</P>
    <P Name="OutDataTypeStr">boolean</P>
  </Block>
  <Block BlockType="Logic" Name="nicemeasurementor&#xA;newupdateneeded" SID="2373">
    <PortCounts in="2" out="1"/>
    <P Name="Position">[785, 206, 815, 239]</P>
    <P Name="ZOrder">564</P>
    <P Name="ShowName">off</P>
    <P Name="AllPortsSameDT">off</P>
    <P Name="OutDataTypeStr">boolean</P>
  </Block>
  <Block BlockType="Reference" Name="outlierJump" SID="2374">
    <PortCounts in="1" out="1"/>
    <P Name="Position">[500, 100, 530, 130]</P>
    <P Name="ZOrder">524</P>
    <P Name="LibraryVersion">7.6</P>
    <P Name="SourceBlock">simulink/Logic and Bit
Operations/Compare
To Constant</P>
    <P Name="SourceType">Compare To Constant</P>
    <InstanceData>
      <P Name="RTWMemSecFuncInitTerm">Inherit from model</P>
      <P Name="RTWMemSecFuncExecute">Inherit from model</P>
      <P Name="RTWMemSecDataConstants">Inherit from model</P>
      <P Name="RTWMemSecDataInternal">Inherit from model</P>
      <P Name="RTWMemSecDataParameters">Inherit from model</P>
      <P Name="ContentPreviewEnabled">off</P>
      <P Name="relop">&lt;=</P>
      <P Name="const">Estimator.alt.deltaSonarToCurrentMax</P>
      <P Name="OutDataTypeStr">boolean</P>
      <P Name="ZeroCross">on</P>
    </InstanceData>
  </Block>
  <Block BlockType="DiscreteFilter" Name="pressureFilter_IIR" SID="2375">
    <PortCounts in="1" out="1"/>
    <P Name="Position">[280, 262, 340, 298]</P>
    <P Name="ZOrder">570</P>
    <P Name="InputPortMap">u0</P>
    <P Name="Numerator">Estimator.alt.filterPrsNum</P>
    <P Name="Denominator">Estimator.alt.filterPrsDen</P>
  </Block>
  <Block BlockType="DiscreteFilter" Name="sonarFilter_IIR" SID="2376">
    <PortCounts in="1" out="1"/>
    <P Name="Position">[275, 374, 330, 416]</P>
    <P Name="ZOrder">569</P>
    <P Name="InputPortMap">u0</P>
    <P Name="Numerator">Estimator.alt.filterSonarNum</P>
    <P Name="Denominator">Estimator.alt.filterSonarDen</P>
  </Block>
  <Block BlockType="Outport" Name="enableKFmeasupdate_flagout" SID="2377">
    <P Name="Position">[900, 218, 930, 232]</P>
    <P Name="ZOrder">580</P>
    <P Name="VectorParamsAs1DForOutWhenUnconnected">off</P>
  </Block>
  <Block BlockType="Outport" Name="Alt_prs" SID="2378">
    <P Name="Position">[415, 318, 445, 332]</P>
    <P Name="ZOrder">1282</P>
    <P Name="Port">2</P>
    <P Name="VectorParamsAs1DForOutWhenUnconnected">off</P>
  </Block>
  <Line>
    <P Name="ZOrder">1</P>
    <P Name="Src">2364#out:1</P>
    <P Name="Dst">2361#in:1</P>
  </Line>
  <Line>
    <P Name="ZOrder">2</P>
    <P Name="Src">2373#out:1</P>
    <P Name="Dst">2377#in:1</P>
  </Line>
  <Line>
    <P Name="ZOrder">3</P>
    <P Name="Src">2371#out:1</P>
    <P Name="Points">[5, 0; 0, 65]</P>
    <P Name="Dst">2373#in:1</P>
  </Line>
  <Line>
    <P Name="ZOrder">4</P>
    <P Name="Src">2368#out:1</P>
    <P Name="Points">[21, 0; 0, -30]</P>
    <P Name="Dst">2371#in:2</P>
  </Line>
  <Line>
    <P Name="ZOrder">5</P>
    <P Name="Src">2374#out:1</P>
    <P Name="Points">[21, 0; 0, 25]</P>
    <P Name="Dst">2371#in:1</P>
  </Line>
  <Line>
    <P Name="ZOrder">6</P>
    <P Name="Src">2367#out:1</P>
    <P Name="Dst">2363#in:1</P>
  </Line>
  <Line>
    <P Name="ZOrder">7</P>
    <P Name="Src">2360#out:1</P>
    <P Name="Dst">2374#in:1</P>
  </Line>
  <Line>
    <P Name="ZOrder">8</P>
    <P Name="Src">2363#out:1</P>
    <P Name="Dst">2360#in:1</P>
  </Line>
  <Line>
    <P Name="ZOrder">9</P>
    <P Name="Src">2372#out:1</P>
    <P Name="Points">[15, 0]</P>
    <P Name="Dst">2366#in:1</P>
  </Line>
  <Line>
    <P Name="ZOrder">10</P>
    <P Name="Src">2362#out:1</P>
    <P Name="Dst">2370#in:1</P>
  </Line>
  <Line>
    <P Name="ZOrder">11</P>
    <P Name="Src">2357#out:1</P>
    <P Name="Points">[111, 0]</P>
    <Branch>
      <P Name="ZOrder">12</P>
      <P Name="Dst">2367#in:1</P>
    </Branch>
    <Branch>
      <P Name="ZOrder">13</P>
      <P Name="Points">[0, 80]</P>
      <Branch>
        <P Name="ZOrder">14</P>
        <P Name="Points">[0, 210]</P>
        <P Name="Dst">2376#in:1</P>
      </Branch>
      <Branch>
        <P Name="ZOrder">15</P>
        <P Name="Dst">2368#in:1</P>
      </Branch>
    </Branch>
  </Line>
  <Line>
    <P Name="ZOrder">16</P>
    <P Name="Src">2369#out:1</P>
    <P Name="Points">[47, 0; 0, 20]</P>
    <P Name="Dst">2372#in:1</P>
  </Line>
  <Line>
    <P Name="ZOrder">17</P>
    <P Name="Src">2359#out:1</P>
    <P Name="Points">[102, 0]</P>
    <Branch>
      <P Name="ZOrder">18</P>
      <P Name="Points">[0, 68]</P>
      <Branch>
        <P Name="ZOrder">19</P>
        <P Name="Points">[263, 0]</P>
        <P Name="Dst">2364#in:1</P>
      </Branch>
      <Branch>
        <P Name="ZOrder">20</P>
        <P Name="Points">[0, 102; 263, 0]</P>
        <P Name="Dst">2365#in:1</P>
      </Branch>
    </Branch>
    <Branch>
      <P Name="ZOrder">21</P>
      <P Name="Points">[233, 0]</P>
      <P Name="Dst">2363#in:2</P>
    </Branch>
  </Line>
  <Line>
    <P Name="ZOrder">22</P>
    <P Name="Src">2365#out:1</P>
    <P Name="Dst">2362#in:1</P>
  </Line>
  <Line>
    <P Name="ZOrder">23</P>
    <P Name="Src">2370#out:1</P>
    <P Name="Points">[40, 0; 0, -75]</P>
    <P Name="Dst">2372#in:2</P>
  </Line>
  <Line>
    <P Name="ZOrder">24</P>
    <P Name="Src">2375#out:1</P>
    <P Name="Points">[34, 0]</P>
    <Branch>
      <P Name="ZOrder">25</P>
      <P Name="Points">[0, 45]</P>
      <P Name="Dst">2378#in:1</P>
    </Branch>
    <Branch>
      <P Name="ZOrder">26</P>
      <P Name="Dst">2364#in:2</P>
    </Branch>
  </Line>
  <Line>
    <P Name="ZOrder">27</P>
    <P Name="Src">2358#out:1</P>
    <P Name="Dst">2375#in:1</P>
  </Line>
  <Line>
    <P Name="ZOrder">28</P>
    <P Name="Src">2376#out:1</P>
    <P Name="Dst">2365#in:2</P>
  </Line>
  <Line>
    <P Name="ZOrder">29</P>
    <P Name="Src">2361#out:1</P>
    <P Name="Dst">2369#in:1</P>
  </Line>
  <Line>
    <P Name="ZOrder">30</P>
    <P Name="Src">2366#out:1</P>
    <P Name="Points">[0, -10]</P>
    <P Name="Dst">2373#in:2</P>
  </Line>
</System>
