<?xml version="1.0" encoding="utf-8"?>
<System>
  <P Name="Location">[53, 98, 633, 631]</P>
  <Block BlockType="ActionPort" Name="Action Port" SID="2206">
    <P Name="Position">[170, 15, 229, 43]</P>
    <P Name="ZOrder">-2</P>
    <P Name="ActionPortLabel">else</P>
  </Block>
  <Block BlockType="Constant" Name="Constant" SID="2207">
    <P Name="Position">[70, 70, 100, 100]</P>
    <P Name="ZOrder">1</P>
    <P Name="Value">0</P>
    <P Name="OutDataTypeStr">uint8</P>
  </Block>
  <Block BlockType="Outport" Name="Out1" SID="2208">
    <P Name="Position">[325, 78, 355, 92]</P>
    <P Name="ZOrder">-3</P>
    <P Name="VectorParamsAs1DForOutWhenUnconnected">off</P>
  </Block>
  <Line>
    <P Name="ZOrder">1</P>
    <P Name="Src">2207#out:1</P>
    <P Name="Dst">2208#in:1</P>
  </Line>
</System>
