<?xml version="1.0" encoding="utf-8"?>
<System>
  <P Name="Location">[2, 9, 1040, 744]</P>
  <P Name="ZoomFactor">128</P>
  <Block BlockType="Inport" Name="opticalFlow_datin" SID="2537">
    <P Name="Position">[-110, 43, -80, 57]</P>
    <P Name="ZOrder">351</P>
    <P Name="ForegroundColor">red</P>
    <PortProperties>
      <Port Type="out" Index="1">
        <P Name="PropagatedSignals">opticalFlow_data</P>
      </Port>
    </PortProperties>
  </Block>
  <Block BlockType="Inport" Name="controlModePosVSOrient_flagin" SID="2538">
    <P Name="Position">[165, 308, 195, 322]</P>
    <P Name="ZOrder">382</P>
    <P Name="ForegroundColor">magenta</P>
    <P Name="Port">2</P>
  </Block>
  <Block BlockType="Inport" Name="sensorIMU_datin" SID="2539">
    <P Name="Position">[10, 93, 40, 107]</P>
    <P Name="ZOrder">1116</P>
    <P Name="ForegroundColor">red</P>
    <P Name="Port">3</P>
  </Block>
  <Block BlockType="Inport" Name="Z_estimin" SID="2540">
    <P Name="Position">[-45, 68, -15, 82]</P>
    <P Name="ZOrder">352</P>
    <P Name="ForegroundColor">red</P>
    <P Name="Port">4</P>
    <PortProperties>
      <Port Type="out" Index="1">
        <P Name="PropagatedSignals">Z</P>
      </Port>
    </PortProperties>
  </Block>
  <Block BlockType="Inport" Name="dz_estimin" SID="2541">
    <P Name="Position">[165, 353, 195, 367]</P>
    <P Name="ZOrder">383</P>
    <P Name="ForegroundColor">red</P>
    <P Name="Port">5</P>
    <PortProperties>
      <Port Type="out" Index="1">
        <P Name="PropagatedSignals">dz</P>
      </Port>
    </PortProperties>
  </Block>
  <Block BlockType="Inport" Name="orient_estimin" SID="2542">
    <P Name="Position">[-65, 118, -35, 132]</P>
    <P Name="ZOrder">381</P>
    <P Name="ForegroundColor">red</P>
    <P Name="Port">6</P>
    <PortProperties>
      <Port Type="out" Index="1">
        <P Name="PropagatedSignals">Attitude</P>
      </Port>
    </PortProperties>
  </Block>
  <Block BlockType="Inport" Name="Angular velocity" SID="2543">
    <P Name="Position">[10, 143, 40, 157]</P>
    <P Name="ZOrder">1122</P>
    <P Name="ForegroundColor">red</P>
    <P Name="Port">7</P>
  </Block>
  <Block BlockType="SubSystem" Name="EstimatorVelocity" SID="2544">
    <PortCounts in="5" out="1"/>
    <P Name="Position">[120, 37, 245, 163]</P>
    <P Name="ZOrder">1121</P>
    <P Name="ForegroundColor">red</P>
    <System Ref="system_2544"/>
  </Block>
  <Block BlockType="SubSystem" Name="EstimatorXYPosition" SID="2650">
    <PortCounts in="4" out="1"/>
    <P Name="Position">[285, 201, 425, 384]</P>
    <P Name="ZOrder">1120</P>
    <P Name="ForegroundColor">red</P>
    <System Ref="system_2650"/>
  </Block>
  <Block BlockType="Outport" Name="XY_estimout" SID="2663">
    <P Name="Position">[460, 288, 490, 302]</P>
    <P Name="ZOrder">384</P>
    <P Name="ForegroundColor">red</P>
    <P Name="VectorParamsAs1DForOutWhenUnconnected">off</P>
  </Block>
  <Block BlockType="Outport" Name="dxy_estimout" SID="2664">
    <P Name="Position">[460, 93, 490, 107]</P>
    <P Name="ZOrder">355</P>
    <P Name="ForegroundColor">red</P>
    <P Name="Port">2</P>
    <P Name="VectorParamsAs1DForOutWhenUnconnected">off</P>
  </Block>
  <Line>
    <P Name="ZOrder">1</P>
    <P Name="Src">2650#out:1</P>
    <P Name="Dst">2663#in:1</P>
  </Line>
  <Line>
    <P Name="ZOrder">2</P>
    <P Name="Src">2541#out:1</P>
    <P Name="Dst">2650#in:4</P>
  </Line>
  <Line>
    <P Name="ZOrder">3</P>
    <P Name="Src">2538#out:1</P>
    <P Name="Dst">2650#in:3</P>
  </Line>
  <Line>
    <P Name="ZOrder">4</P>
    <P Name="Src">2540#out:1</P>
    <P Name="Dst">2544#in:2</P>
  </Line>
  <Line>
    <P Name="ZOrder">5</P>
    <P Name="Src">2539#out:1</P>
    <P Name="Dst">2544#in:3</P>
  </Line>
  <Line>
    <P Name="ZOrder">6</P>
    <P Name="Src">2537#out:1</P>
    <P Name="Dst">2544#in:1</P>
  </Line>
  <Line>
    <P Name="ZOrder">7</P>
    <P Name="Src">2544#out:1</P>
    <P Name="Points">[5, 0]</P>
    <Branch>
      <P Name="ZOrder">8</P>
      <P Name="Dst">2664#in:1</P>
    </Branch>
    <Branch>
      <P Name="ZOrder">9</P>
      <P Name="Points">[0, 125]</P>
      <P Name="Dst">2650#in:1</P>
    </Branch>
  </Line>
  <Line>
    <P Name="ZOrder">10</P>
    <P Name="Src">2542#out:1</P>
    <P Name="Points">[122, 0]</P>
    <Branch>
      <P Name="ZOrder">11</P>
      <P Name="Points">[0, 145]</P>
      <P Name="Dst">2650#in:2</P>
    </Branch>
    <Branch>
      <P Name="ZOrder">12</P>
      <P Name="Dst">2544#in:4</P>
    </Branch>
  </Line>
  <Line>
    <P Name="ZOrder">13</P>
    <P Name="Src">2543#out:1</P>
    <P Name="Dst">2544#in:5</P>
  </Line>
</System>
