<?xml version="1.0" encoding="utf-8"?>
<System>
  <P Name="Location">[2, 9, 1040, 744]</P>
  <P Name="ZoomFactor">111</P>
  <Block BlockType="Inport" Name="tau_pitch" SID="2274">
    <P Name="Position">[-600, -107, -570, -93]</P>
    <P Name="ZOrder">-1</P>
    <PortProperties>
      <Port Type="out" Index="1">
        <P Name="PropagatedSignals">tau_pitch</P>
      </Port>
    </PortProperties>
  </Block>
  <Block BlockType="Inport" Name="tau_roll" SID="2275">
    <P Name="Position">[-245, -52, -215, -38]</P>
    <P Name="ZOrder">-2</P>
    <P Name="Port">2</P>
    <PortProperties>
      <Port Type="out" Index="1">
        <P Name="PropagatedSignals">tau_roll</P>
      </Port>
    </PortProperties>
  </Block>
  <Block BlockType="Inport" Name="tau_yaw" SID="2276">
    <P Name="Position">[-245, -142, -215, -128]</P>
    <P Name="ZOrder">-3</P>
    <P Name="Port">3</P>
  </Block>
  <Block BlockType="Inport" Name="totalThrust" SID="2277">
    <P Name="Position">[-245, -187, -215, -173]</P>
    <P Name="ZOrder">-4</P>
    <P Name="Port">4</P>
  </Block>
  <Block BlockType="Sum" Name="Add" SID="2278">
    <PortCounts in="2" out="1"/>
    <P Name="Position">[-375, -88, -345, -57]</P>
    <P Name="ZOrder">35</P>
    <P Name="IconShape">rectangular</P>
  </Block>
  <Block BlockType="ManualSwitch" Name="Manual Switch" SID="2280">
    <P Name="Position">[-510, -73, -480, -37]</P>
    <P Name="ZOrder">40</P>
  </Block>
  <Block BlockType="Mux" Name="Mux2" SID="2281">
    <PortCounts in="4" out="1"/>
    <P Name="Position">[-90, -204, -85, -21]</P>
    <P Name="ZOrder">31</P>
    <P Name="ShowName">off</P>
    <P Name="DisplayOption">bar</P>
  </Block>
  <Block BlockType="Constant" Name="Pitch correction" SID="2282">
    <P Name="Position">[-570, -73, -540, -57]</P>
    <P Name="ZOrder">39</P>
    <P Name="ForegroundColor">magenta</P>
    <P Name="Value">0.002</P>
    <P Name="OutDataTypeStr">single</P>
  </Block>
  <Block BlockType="Product" Name="Product" SID="2283">
    <PortCounts in="2" out="1"/>
    <P Name="Position">[105, -163, 150, -92]</P>
    <P Name="ZOrder">32</P>
    <P Name="ForegroundColor">green</P>
    <P Name="ShowName">off</P>
    <P Name="Multiplication">Matrix(*)</P>
    <P Name="RndMeth">Zero</P>
  </Block>
  <Block BlockType="Constant" Name="TorqueTotalThrustToThrustPerMotor" SID="2284">
    <P Name="Position">[-20, -160, 60, -130]</P>
    <P Name="ZOrder">33</P>
    <P Name="NameLocation">top</P>
    <P Name="Value">Controller.Q2Ts</P>
    <P Name="OutDataTypeStr">single</P>
  </Block>
  <Block BlockType="VariantSource" Name="Variant Source" SID="2681">
    <PortCounts in="2" out="1"/>
    <P Name="Position">[-300, -109, -260, -71]</P>
    <P Name="ZOrder">42</P>
    <P Name="VariantControls" Ref="bdmxdata:VariantControls_2681"/>
    <P Name="VariantControlMode">sim codegen switching</P>
    <P Name="VariantActivationTime">update diagram analyze all choices</P>
    <P Name="ShowConditionOnBlock">on</P>
  </Block>
  <Block BlockType="Constant" Name="zero correction" SID="2285">
    <P Name="Position">[-570, -38, -540, -22]</P>
    <P Name="ZOrder">41</P>
    <P Name="ForegroundColor">magenta</P>
    <P Name="Value">0</P>
    <P Name="OutDataTypeStr">single</P>
  </Block>
  <Block BlockType="Outport" Name="thrusts_refout" SID="2286">
    <P Name="Position">[205, -132, 235, -118]</P>
    <P Name="ZOrder">-21</P>
    <P Name="VectorParamsAs1DForOutWhenUnconnected">off</P>
  </Block>
  <Line>
    <P Name="ZOrder">1</P>
    <P Name="Src">2283#out:1</P>
    <P Name="Dst">2286#in:1</P>
  </Line>
  <Line>
    <P Name="ZOrder">2</P>
    <P Name="Src">2275#out:1</P>
    <P Name="Dst">2281#in:4</P>
  </Line>
  <Line>
    <P Name="ZOrder">3</P>
    <P Name="Src">2278#out:1</P>
    <P Name="Points">[17, 0; 0, -10]</P>
    <P Name="Dst">2681#in:2</P>
  </Line>
  <Line>
    <P Name="ZOrder">4</P>
    <P Name="Src">2276#out:1</P>
    <P Name="Dst">2281#in:2</P>
  </Line>
  <Line>
    <P Name="ZOrder">5</P>
    <P Name="Src">2277#out:1</P>
    <P Name="Dst">2281#in:1</P>
  </Line>
  <Line>
    <P Name="ZOrder">6</P>
    <P Name="Src">2284#out:1</P>
    <P Name="Dst">2283#in:1</P>
  </Line>
  <Line>
    <P Name="ZOrder">7</P>
    <P Name="Src">2281#out:1</P>
    <P Name="Dst">2283#in:2</P>
  </Line>
  <Line>
    <P Name="ZOrder">8</P>
    <P Name="Src">2681#out:1</P>
    <P Name="Dst">2281#in:3</P>
  </Line>
  <Line>
    <P Name="ZOrder">9</P>
    <P Name="Src">2274#out:1</P>
    <P Name="Points">[161, 0]</P>
    <Branch>
      <P Name="ZOrder">10</P>
      <P Name="Points">[0, 20]</P>
      <P Name="Dst">2278#in:1</P>
    </Branch>
    <Branch>
      <P Name="ZOrder">11</P>
      <P Name="Dst">2681#in:1</P>
    </Branch>
  </Line>
  <Line>
    <P Name="ZOrder">12</P>
    <P Name="Src">2282#out:1</P>
    <P Name="Dst">2280#in:1</P>
  </Line>
  <Line>
    <P Name="ZOrder">13</P>
    <P Name="Src">2285#out:1</P>
    <P Name="Points">[3, 0; 0, -15]</P>
    <P Name="Dst">2280#in:2</P>
  </Line>
  <Line>
    <P Name="ZOrder">14</P>
    <P Name="Src">2280#out:1</P>
    <P Name="Points">[47, 0; 0, -10]</P>
    <P Name="Dst">2278#in:2</P>
  </Line>
</System>
