<?xml version="1.0" encoding="utf-8"?>
<System>
  <P Name="Location">[2, 9, 1040, 744]</P>
  <P Name="ZoomFactor">94</P>
  <Block BlockType="Inport" Name="Gyro Temperature" SID="2490">
    <P Name="Position">[555, 268, 585, 282]</P>
    <P Name="ZOrder">5669</P>
    <PortProperties>
      <Port Type="out" Index="1">
        <P Name="PropagatedSignals">temperature</P>
      </Port>
    </PortProperties>
  </Block>
  <Block BlockType="Inport" Name="uncompensated_gyro_z_rate" SID="2491">
    <P Name="Position">[1160, 218, 1190, 232]</P>
    <P Name="ZOrder">5670</P>
    <P Name="Port">2</P>
  </Block>
  <Block BlockType="Reference" Name="Compare&#xA;To Constant" SID="2492">
    <PortCounts in="1" out="1"/>
    <P Name="Position">[600, 175, 630, 205]</P>
    <P Name="ZOrder">5660</P>
    <P Name="ForegroundColor">red</P>
    <P Name="LibraryVersion">7.6</P>
    <P Name="SourceBlock">simulink/Logic and Bit
Operations/Compare
To Constant</P>
    <P Name="SourceType">Compare To Constant</P>
    <InstanceData>
      <P Name="RTWMemSecFuncInitTerm">Inherit from model</P>
      <P Name="RTWMemSecFuncExecute">Inherit from model</P>
      <P Name="RTWMemSecDataConstants">Inherit from model</P>
      <P Name="RTWMemSecDataInternal">Inherit from model</P>
      <P Name="RTWMemSecDataParameters">Inherit from model</P>
      <P Name="ContentPreviewEnabled">on</P>
      <P Name="relop">==</P>
      <P Name="const">1</P>
      <P Name="OutDataTypeStr">boolean</P>
      <P Name="ZeroCross">on</P>
    </InstanceData>
  </Block>
  <Block BlockType="Constant" Name="Constant" SID="2493">
    <P Name="Position">[970, 272, 990, 288]</P>
    <P Name="ZOrder">5667</P>
    <P Name="ForegroundColor">magenta</P>
    <P Name="Value">0</P>
  </Block>
  <Block BlockType="Reference" Name="Counter&#xA;Free-Running" SID="2494">
    <PortCounts out="1"/>
    <P Name="Position">[530, 175, 560, 205]</P>
    <P Name="ZOrder">5659</P>
    <P Name="ForegroundColor">red</P>
    <P Name="LibraryVersion">7.6</P>
    <P Name="SourceBlock">simulink/Sources/Counter
Free-Running</P>
    <P Name="SourceType">Counter Free-Running</P>
    <InstanceData>
      <P Name="RTWMemSecFuncInitTerm">Inherit from model</P>
      <P Name="RTWMemSecFuncExecute">Inherit from model</P>
      <P Name="RTWMemSecDataConstants">Inherit from model</P>
      <P Name="RTWMemSecDataInternal">Inherit from model</P>
      <P Name="RTWMemSecDataParameters">Inherit from model</P>
      <P Name="ContentPreviewEnabled">on</P>
      <P Name="NumBits">32</P>
      <P Name="tsamp">0.005</P>
    </InstanceData>
  </Block>
  <Block BlockType="DataTypeConversion" Name="Data Type Conversion1" SID="2495">
    <P Name="Position">[1125, 260, 1165, 280]</P>
    <P Name="ZOrder">5668</P>
    <P Name="ForegroundColor">red</P>
    <P Name="RndMeth">Floor</P>
    <P Name="SaturateOnIntegerOverflow">off</P>
  </Block>
  <Block BlockType="ManualSwitch" Name="Disable temperature&#xA;compensation" SID="2496">
    <P Name="Position">[1025, 252, 1055, 288]</P>
    <P Name="ZOrder">5666</P>
    <P Name="ForegroundColor">red</P>
  </Block>
  <Block BlockType="Gain" Name="Gain" SID="2497">
    <P Name="Position">[890, 245, 960, 275]</P>
    <P Name="ZOrder">5662</P>
    <P Name="ForegroundColor">red</P>
    <P Name="Gain">0.00228</P>
  </Block>
  <Block BlockType="Sum" Name="Subtract" SID="2498">
    <PortCounts in="2" out="1"/>
    <P Name="Position">[840, 232, 850, 288]</P>
    <P Name="ZOrder">5661</P>
    <P Name="ForegroundColor">red</P>
    <P Name="IconShape">rectangular</P>
    <P Name="Inputs">+-</P>
  </Block>
  <Block BlockType="Sum" Name="Subtract1" SID="2499">
    <PortCounts in="2" out="1"/>
    <P Name="Position">[1260, 204, 1275, 291]</P>
    <P Name="ZOrder">5663</P>
    <P Name="ForegroundColor">red</P>
    <P Name="IconShape">rectangular</P>
    <P Name="Inputs">+-</P>
    <PortProperties>
      <Port Type="out" Index="1">
        <P Name="Name">r</P>
      </Port>
    </PortProperties>
  </Block>
  <Block BlockType="SubSystem" Name="Triggered&#xA;Subsystem" SID="2500">
    <PortCounts in="1" out="1" trigger="1"/>
    <P Name="Position">[655, 254, 755, 296]</P>
    <P Name="ZOrder">5658</P>
    <P Name="ForegroundColor">red</P>
    <P Name="TreatAsAtomicUnit">on</P>
    <P Name="ContentPreviewEnabled">on</P>
    <PortProperties>
      <Port Type="out" Index="1">
        <P Name="Name">Initial temperature</P>
        <P Name="PropagatedSignals">temperature</P>
      </Port>
    </PortProperties>
    <System Ref="system_2500"/>
  </Block>
  <Block BlockType="Outport" Name="r" SID="2504">
    <P Name="Position">[1340, 243, 1370, 257]</P>
    <P Name="ZOrder">5671</P>
  </Block>
  <Line>
    <P Name="ZOrder">1</P>
    <P Name="Src">2497#out:1</P>
    <P Name="Dst">2496#in:1</P>
  </Line>
  <Line>
    <P Name="ZOrder">2</P>
    <P Name="Src">2496#out:1</P>
    <P Name="Dst">2495#in:1</P>
  </Line>
  <Line>
    <P Name="ZOrder">3</P>
    <P Name="Src">2490#out:1</P>
    <P Name="Points">[50, 0]</P>
    <Branch>
      <P Name="ZOrder">4</P>
      <P Name="Points">[0, -30]</P>
      <P Name="Dst">2498#in:1</P>
    </Branch>
    <Branch>
      <P Name="ZOrder">5</P>
      <P Name="Dst">2500#in:1</P>
    </Branch>
  </Line>
  <Line>
    <P Name="Name">Initial temperature</P>
    <P Name="ZOrder">6</P>
    <P Name="Labels">[1, 1]</P>
    <P Name="Src">2500#out:1</P>
    <P Name="Dst">2498#in:2</P>
  </Line>
  <Line>
    <P Name="ZOrder">7</P>
    <P Name="Src">2492#out:1</P>
    <P Name="Points">[70, 0]</P>
    <P Name="Dst">2500#trigger</P>
  </Line>
  <Line>
    <P Name="ZOrder">8</P>
    <P Name="Src">2493#out:1</P>
    <P Name="Dst">2496#in:2</P>
  </Line>
  <Line>
    <P Name="ZOrder">9</P>
    <P Name="Src">2498#out:1</P>
    <P Name="Dst">2497#in:1</P>
  </Line>
  <Line>
    <P Name="ZOrder">10</P>
    <P Name="Src">2495#out:1</P>
    <P Name="Dst">2499#in:2</P>
  </Line>
  <Line>
    <P Name="ZOrder">11</P>
    <P Name="Src">2494#out:1</P>
    <P Name="Dst">2492#in:1</P>
  </Line>
  <Line>
    <P Name="ZOrder">12</P>
    <P Name="Src">2491#out:1</P>
    <P Name="Dst">2499#in:1</P>
  </Line>
  <Line>
    <P Name="Name">r</P>
    <P Name="ZOrder">13</P>
    <P Name="Labels">[-1, 0]</P>
    <P Name="Src">2499#out:1</P>
    <P Name="Dst">2504#in:1</P>
  </Line>
  <Annotation SID="2505">
    <P Name="Name">&lt;!DOCTYPE HTML PUBLIC &quot;-//W3C//DTD HTML 4.0//EN&quot; &quot;http://www.w3.org/TR/REC-html40/strict.dtd&quot;&gt;
&lt;html&gt;&lt;head&gt;&lt;meta name=&quot;qrichtext&quot; content=&quot;1&quot; /&gt;&lt;style type=&quot;text/css&quot;&gt;
p, li { white-space: pre-wrap; }
&lt;/style&gt;&lt;/head&gt;&lt;body align=&quot;left&quot; style=&quot; font-family:&apos;Helvetica&apos;; font-size:10px; font-weight:400; font-style:normal;&quot;&gt;
&lt;p align=&quot;left&quot; style=&quot; margin-top:0px; margin-bottom:0px; margin-left:0px; margin-right:0px; -qt-block-indent:0; text-indent:0px;&quot;&gt;&lt;span style=&quot; font-size:10px;&quot;&gt;Gyroscope&apos;s bias is affected by temperature.This won&apos;t be a problem for Pitch and Roll angle estimation as the actual gyroscope bias in the Pitch and Roll axis are estimated during the flight. However the yaw orientation is obtained by integrating the gyroscope output and it may drift with time. Even the preflight calibration which is done cannot compensate for this problem as the gyro bis varies during the flight.&lt;/span&gt;&lt;/p&gt;
&lt;p align=&quot;left&quot; style=&quot;-qt-paragraph-type:empty; margin-top:0px; margin-bottom:0px; margin-left:0px; margin-right:0px; -qt-block-indent:0; text-indent:0px;&quot;&gt;&lt;br /&gt;&lt;/p&gt;&lt;/body&gt;&lt;/html&gt;</P>
    <P Name="Position">[530, 360, 1530, 398]</P>
    <P Name="InternalMargins">[0, 0, 0, 0]</P>
    <P Name="FixedWidth">on</P>
    <P Name="HorizontalAlignment">left</P>
    <P Name="VerticalAlignment">top</P>
    <P Name="Interpreter">rich</P>
    <P Name="ZOrder">-1</P>
  </Annotation>
</System>
