<?xml version="1.0" encoding="utf-8"?>
<System>
  <P Name="Location">[-1, -8, 1921, 1041]</P>
  <P Name="ZoomFactor">150</P>
  <Block BlockType="Inport" Name="Image Data1" SID="2696">
    <P Name="Position">[720, 773, 750, 787]</P>
    <P Name="ZOrder">5865</P>
    <PortProperties>
      <Port Type="out" Index="1">
        <P Name="PropagatedSignals">Y1UY2V</P>
      </Port>
    </PortProperties>
  </Block>
  <Block BlockType="SubSystem" Name="Create Binary Mask" SID="2769">
    <PortCounts in="3" out="1"/>
    <P Name="Position">[1150, 656, 1230, 714]</P>
    <P Name="ZOrder">5888</P>
    <P Name="LibrarySourceProduct" Ref="bdmxdata:LibrarySourceProduct_2769"/>
    <P Name="ErrorFcn">Stateflow.Translate.translate</P>
    <P Name="PermitHierarchicalResolution">ExplicitOnly</P>
    <P Name="TreatAsAtomicUnit">on</P>
    <P Name="SFBlockType">MATLAB Function</P>
    <P Name="ContentPreviewEnabled">on</P>
    <PortProperties>
      <Port Type="out" Index="1">
        <P Name="PropagatedSignals">maskDouble</P>
      </Port>
    </PortProperties>
    <System Ref="system_2769"/>
  </Block>
  <Block BlockType="SubSystem" Name="Detect red pixels LR" SID="2771">
    <PortCounts in="3" out="1"/>
    <P Name="Position">[1280, 831, 1350, 879]</P>
    <P Name="ZOrder">5890</P>
    <P Name="LibrarySourceProduct" Ref="bdmxdata:LibrarySourceProduct_2771"/>
    <P Name="ErrorFcn">Stateflow.Translate.translate</P>
    <P Name="PermitHierarchicalResolution">ExplicitOnly</P>
    <P Name="TreatAsAtomicUnit">on</P>
    <P Name="SFBlockType">MATLAB Function</P>
    <P Name="ContentPreviewEnabled">on</P>
    <PortProperties>
      <Port Type="out" Index="1">
        <P Name="PropagatedSignals">y</P>
      </Port>
    </PortProperties>
    <System Ref="system_2771"/>
  </Block>
  <Block BlockType="Reference" Name="Edge Detection" SID="2767">
    <PortCounts in="1" out="1"/>
    <P Name="Position">[1285, 650, 1385, 710]</P>
    <P Name="ZOrder">5886</P>
    <P Name="LibraryVersion">11.7</P>
    <P Name="SourceBlock">visionanalysis/Edge Detection</P>
    <P Name="SourceType">Edge Detection</P>
    <InstanceData>
      <P Name="MultithreadedSim">auto</P>
      <P Name="method">Sobel</P>
      <P Name="outputType">Binary image</P>
      <P Name="userDefinedThreshold">off</P>
      <P Name="thresholdSource">Input port</P>
      <P Name="threshold">20</P>
      <P Name="thresholdTuning">4</P>
      <P Name="edgeThinning">off</P>
      <P Name="threshold_canny">[0.25 0.60]</P>
      <P Name="autoPercent">70</P>
      <P Name="sigma">1</P>
      <P Name="roundingMode">Floor</P>
      <P Name="overflowMode">off</P>
      <P Name="prodOutputMode">Binary point scaling</P>
      <P Name="prodOutputWordLength">32</P>
      <P Name="prodOutputFracLength">8</P>
      <P Name="accumMode">Same as first input</P>
      <P Name="accumWordLength">32</P>
      <P Name="accumFracLength">8</P>
      <P Name="outputMode">Same as first input</P>
      <P Name="outputWordLength">16</P>
      <P Name="outputFracLength">4</P>
      <P Name="LockScale">off</P>
    </InstanceData>
  </Block>
  <Block BlockType="SubSystem" Name="MATLAB Function" SID="2787">
    <PortCounts in="1" out="1"/>
    <P Name="Position">[1600, 787, 1670, 833]</P>
    <P Name="ZOrder">5900</P>
    <P Name="LibrarySourceProduct" Ref="bdmxdata:LibrarySourceProduct_2787"/>
    <P Name="ErrorFcn">Stateflow.Translate.translate</P>
    <P Name="PermitHierarchicalResolution">ExplicitOnly</P>
    <P Name="TreatAsAtomicUnit">on</P>
    <P Name="SFBlockType">MATLAB Function</P>
    <P Name="ContentPreviewEnabled">on</P>
    <PortProperties>
      <Port Type="out" Index="1">
        <P Name="PropagatedSignals">y</P>
      </Port>
    </PortProperties>
    <System Ref="system_2787"/>
  </Block>
  <Block BlockType="SubSystem" Name="MATLAB Function1" SID="2783">
    <PortCounts in="2" out="1"/>
    <P Name="Position">[1525, 634, 1640, 721]</P>
    <P Name="ZOrder">5897</P>
    <P Name="LibrarySourceProduct" Ref="bdmxdata:LibrarySourceProduct_2783"/>
    <P Name="ErrorFcn">Stateflow.Translate.translate</P>
    <P Name="PermitHierarchicalResolution">ExplicitOnly</P>
    <P Name="TreatAsAtomicUnit">on</P>
    <P Name="SFBlockType">MATLAB Function</P>
    <P Name="ContentPreviewEnabled">on</P>
    <PortProperties>
      <Port Type="out" Index="1">
        <P Name="PropagatedSignals">x_center</P>
      </Port>
    </PortProperties>
    <System Ref="system_2783"/>
  </Block>
  <Block BlockType="Reference" Name="PARROT Image Conversion1" SID="2701">
    <PortCounts in="1" out="3"/>
    <P Name="Position">[835, 736, 980, 824]</P>
    <P Name="ZOrder">5867</P>
    <P Name="LibraryVersion">10.0</P>
    <P Name="SourceBlock">parrotlib/PARROT Image Conversion</P>
    <P Name="SourceType">parrot.ImageProcess</P>
    <InstanceData>
      <P Name="ImageFormat">RGB</P>
      <P Name="R">on</P>
      <P Name="Y">on</P>
      <P Name="G">on</P>
      <P Name="U">on</P>
      <P Name="B">on</P>
      <P Name="V">on</P>
    </InstanceData>
  </Block>
  <Block BlockType="VideoViewer" Name="RGB Image1" SID="2702">
    <PortCounts in="3"/>
    <P Name="Position">[1105, 1037, 1215, 1103]</P>
    <P Name="ZOrder">5875</P>
    <P Name="ScopeSpecificationString">vipscopes.VideoViewerScopeCfg(&apos;CurrentConfiguration&apos;, extmgr.ConfigurationSet(extmgr.Configuration(&apos;Core&apos;,&apos;General UI&apos;,true),extmgr.Configuration(&apos;Core&apos;,&apos;Source UI&apos;,true),extmgr.Configuration(&apos;Sources&apos;,&apos;WiredSimulink&apos;,true),extmgr.Configuration(&apos;Visuals&apos;,&apos;Video&apos;,true),extmgr.Configuration(&apos;Tools&apos;,&apos;Image Navigation Tools&apos;,true),extmgr.Configuration(&apos;Tools&apos;,&apos;Image Tool&apos;,true),extmgr.Configuration(&apos;Tools&apos;,&apos;Pixel Region&apos;,true)),&apos;Version&apos;,&apos;2024b&apos;,&apos;Position&apos;,[527 561 418 304])</P>
    <P Name="imagePorts">separate color signals</P>
    <P Name="FigPos">[527 518 418 304]</P>
  </Block>
  <Block BlockType="Outport" Name="Vision-based Data1" SID="2712">
    <P Name="Position">[1445, 848, 1475, 862]</P>
    <P Name="ZOrder">5878</P>
    <P Name="VectorParamsAs1DForOutWhenUnconnected">off</P>
  </Block>
  <Line>
    <P Name="ZOrder">670</P>
    <P Name="Src">2696#out:1</P>
    <P Name="Dst">2701#in:1</P>
  </Line>
  <Line>
    <P Name="ZOrder">798</P>
    <P Name="Src">2771#out:1</P>
    <P Name="Dst">2712#in:1</P>
  </Line>
  <Line>
    <P Name="ZOrder">777</P>
    <P Name="Src">2767#out:1</P>
    <P Name="Points">[65, 0]</P>
    <Branch>
      <P Name="ZOrder">843</P>
      <P Name="Points">[0, 20]</P>
      <P Name="Dst">2783#in:2</P>
    </Branch>
    <Branch>
      <P Name="ZOrder">821</P>
      <P Name="Points">[0, -60; 32, 0; 0, 35]</P>
      <P Name="Dst">2783#in:1</P>
    </Branch>
  </Line>
  <Line>
    <P Name="ZOrder">760</P>
    <P Name="Src">2701#out:1</P>
    <P Name="Points">[96, 0]</P>
    <Branch>
      <P Name="ZOrder">763</P>
      <P Name="Points">[0, -85]</P>
      <P Name="Dst">2769#in:1</P>
    </Branch>
    <Branch>
      <P Name="ZOrder">762</P>
      <P Name="Points">[0, 90]</P>
      <Branch>
        <P Name="ZOrder">800</P>
        <P Name="Dst">2771#in:1</P>
      </Branch>
      <Branch>
        <P Name="ZOrder">799</P>
        <P Name="Points">[0, 210]</P>
        <P Name="Dst">2702#in:1</P>
      </Branch>
    </Branch>
  </Line>
  <Line>
    <P Name="ZOrder">685</P>
    <P Name="Src">2701#out:2</P>
    <P Name="Points">[53, 0]</P>
    <Branch>
      <P Name="ZOrder">768</P>
      <P Name="Points">[0, -75]</P>
      <P Name="Dst">2769#in:3</P>
    </Branch>
    <Branch>
      <P Name="ZOrder">767</P>
      <P Name="Points">[28, 0; 0, 75]</P>
      <Branch>
        <P Name="ZOrder">804</P>
        <P Name="Points">[0, 215]</P>
        <P Name="Dst">2702#in:2</P>
      </Branch>
      <Branch>
        <P Name="ZOrder">803</P>
        <P Name="Dst">2771#in:2</P>
      </Branch>
    </Branch>
  </Line>
  <Line>
    <P Name="ZOrder">686</P>
    <P Name="Src">2701#out:3</P>
    <P Name="Points">[28, 0]</P>
    <Branch>
      <P Name="ZOrder">775</P>
      <P Name="Points">[0, -125]</P>
      <P Name="Dst">2769#in:2</P>
    </Branch>
    <Branch>
      <P Name="ZOrder">774</P>
      <P Name="Points">[1, 0; 0, 60]</P>
      <Branch>
        <P Name="ZOrder">806</P>
        <P Name="Dst">2771#in:3</P>
      </Branch>
      <Branch>
        <P Name="ZOrder">805</P>
        <P Name="Points">[0, 220]</P>
        <P Name="Dst">2702#in:3</P>
      </Branch>
    </Branch>
  </Line>
  <Line>
    <P Name="ZOrder">818</P>
    <P Name="Src">2783#out:1</P>
    <P Name="Points">[18, 0; 0, 16]</P>
  </Line>
  <Line>
    <P Name="ZOrder">846</P>
    <P Name="Src">2787#out:1</P>
    <P Name="Points">[14, 0; 0, -31]</P>
  </Line>
  <Annotation SID="2707">
    <P Name="Name">Obtain the RGB image from camera</P>
    <P Name="Position">[816, 645, 1018, 880]</P>
    <P Name="InternalMargins">[0, 0, 0, 0]</P>
    <P Name="FixedHeight">on</P>
    <P Name="FixedWidth">on</P>
    <P Name="HorizontalAlignment">left</P>
    <P Name="VerticalAlignment">top</P>
    <P Name="ForegroundColor">[0.956863, 0.980392, 0.921569]</P>
    <P Name="BackgroundColor">[0.956863, 0.980392, 0.921569]</P>
    <P Name="DropShadow">on</P>
    <P Name="AnnotationType">area_annotation</P>
    <P Name="ZOrder">801</P>
    <P Name="FontSize">12</P>
  </Annotation>
</System>
