<?xml version="1.0" encoding="utf-8"?>
<System>
  <P Name="Location">[223, 338, 826, 833]</P>
  <P Name="SIDHighWatermark">30</P>
  <Block BlockType="Inport" Name="x_left" SID="2783::1">
    <P Name="Position">[20, 101, 40, 119]</P>
    <P Name="ZOrder">-1</P>
  </Block>
  <Block BlockType="Inport" Name="x_right" SID="2783::30">
    <P Name="Position">[20, 136, 40, 154]</P>
    <P Name="ZOrder">21</P>
    <P Name="Port">2</P>
  </Block>
  <Block BlockType="Demux" Name=" Demux " SID="2783::26">
    <PortCounts in="1" out="1"/>
    <P Name="Position">[270, 230, 320, 270]</P>
    <P Name="ZOrder">17</P>
    <P Name="Outputs">1</P>
  </Block>
  <Block BlockType="S-Function" Name=" SFunction " SID="2783::25">
    <P Name="Tag">Stateflow S-Function 4</P>
    <PortCounts in="2" out="2"/>
    <P Name="Position">[180, 100, 230, 160]</P>
    <P Name="ZOrder">16</P>
    <P Name="FunctionName">sf_sfun</P>
    <P Name="PortCounts">[2 2]</P>
    <P Name="SFunctionDeploymentMode">off</P>
    <P Name="EnableBusSupport">on</P>
    <P Name="SFcnIsStateOwnerBlock">off</P>
    <PortProperties>
      <Port Type="out" Index="2">
        <P Name="Name">x_center</P>
      </Port>
    </PortProperties>
  </Block>
  <Block BlockType="Terminator" Name=" Terminator " SID="2783::27">
    <P Name="Position">[460, 241, 480, 259]</P>
    <P Name="ZOrder">18</P>
  </Block>
  <Block BlockType="Outport" Name="x_center" SID="2783::5">
    <P Name="Position">[460, 101, 480, 119]</P>
    <P Name="ZOrder">-5</P>
  </Block>
  <Line>
    <P Name="ZOrder">16</P>
    <P Name="Src">2783::1#out:1</P>
    <P Name="Dst">2783::25#in:1</P>
  </Line>
  <Line>
    <P Name="ZOrder">17</P>
    <P Name="Src">2783::30#out:1</P>
    <P Name="Dst">2783::25#in:2</P>
  </Line>
  <Line>
    <P Name="Name">x_center</P>
    <P Name="ZOrder">18</P>
    <P Name="Labels">[0, 0]</P>
    <P Name="Src">2783::25#out:2</P>
    <P Name="Dst">2783::5#in:1</P>
  </Line>
  <Line>
    <P Name="ZOrder">19</P>
    <P Name="Src">2783::26#out:1</P>
    <P Name="Dst">2783::27#in:1</P>
  </Line>
  <Line>
    <P Name="ZOrder">20</P>
    <P Name="Src">2783::25#out:1</P>
    <P Name="Dst">2783::26#in:1</P>
  </Line>
</System>
