<?xml version="1.0" encoding="utf-8"?>
<System>
  <P Name="Location">[223, 338, 826, 833]</P>
  <P Name="SIDHighWatermark">41</P>
  <Block BlockType="Inport" Name="yaw" SID="2298::1">
    <P Name="Position">[20, 101, 40, 119]</P>
    <P Name="ZOrder">-1</P>
    <P Name="ForegroundColor">red</P>
    <PortProperties>
      <Port Type="out" Index="1">
        <P Name="PropagatedSignals">yaw</P>
      </Port>
    </PortProperties>
  </Block>
  <Block BlockType="Inport" Name="xy_err_earth" SID="2298::22">
    <P Name="Position">[20, 136, 40, 154]</P>
    <P Name="ZOrder">13</P>
    <P Name="ForegroundColor">red</P>
    <P Name="Port">2</P>
  </Block>
  <Block BlockType="Demux" Name=" Demux " SID="2298::40">
    <PortCounts in="1" out="1"/>
    <P Name="Position">[270, 230, 320, 270]</P>
    <P Name="ZOrder">31</P>
    <P Name="Outputs">1</P>
  </Block>
  <Block BlockType="S-Function" Name=" SFunction " SID="2298::39">
    <P Name="Tag">Stateflow S-Function 2</P>
    <PortCounts in="2" out="2"/>
    <P Name="Position">[180, 100, 230, 160]</P>
    <P Name="ZOrder">30</P>
    <P Name="FunctionName">sf_sfun</P>
    <P Name="PortCounts">[2 2]</P>
    <P Name="SFunctionDeploymentMode">off</P>
    <P Name="EnableBusSupport">on</P>
    <P Name="SFcnIsStateOwnerBlock">off</P>
    <PortProperties>
      <Port Type="out" Index="2">
        <P Name="Name">xy_err_body</P>
      </Port>
    </PortProperties>
  </Block>
  <Block BlockType="Terminator" Name=" Terminator " SID="2298::41">
    <P Name="Position">[460, 241, 480, 259]</P>
    <P Name="ZOrder">32</P>
  </Block>
  <Block BlockType="Outport" Name="xy_err_body" SID="2298::23">
    <P Name="Position">[460, 101, 480, 119]</P>
    <P Name="ZOrder">14</P>
    <P Name="ForegroundColor">red</P>
  </Block>
  <Line>
    <P Name="ZOrder">21</P>
    <P Name="Src">2298::1#out:1</P>
    <P Name="Points">[120, 0]</P>
    <P Name="Dst">2298::39#in:1</P>
  </Line>
  <Line>
    <P Name="ZOrder">22</P>
    <P Name="Src">2298::22#out:1</P>
    <P Name="Dst">2298::39#in:2</P>
  </Line>
  <Line>
    <P Name="Name">xy_err_body</P>
    <P Name="ZOrder">23</P>
    <P Name="Labels">[0, 0]</P>
    <P Name="Src">2298::39#out:2</P>
    <P Name="Dst">2298::23#in:1</P>
  </Line>
  <Line>
    <P Name="ZOrder">24</P>
    <P Name="Src">2298::40#out:1</P>
    <P Name="Dst">2298::41#in:1</P>
  </Line>
  <Line>
    <P Name="ZOrder">25</P>
    <P Name="Src">2298::39#out:1</P>
    <P Name="Dst">2298::40#in:1</P>
  </Line>
</System>
