<?xml version="1.0" encoding="utf-8"?>
<System>
  <P Name="Location">[2, 9, 1040, 744]</P>
  <P Name="ZoomFactor">113</P>
  <Block BlockType="Inport" Name="optical_flow" SID="2637">
    <P Name="Position">[20, 148, 50, 162]</P>
    <P Name="ZOrder">1153</P>
    <P Name="ForegroundColor">red</P>
    <PortProperties>
      <Port Type="out" Index="1">
        <P Name="PropagatedSignals">opticalFlow_data</P>
      </Port>
    </PortProperties>
  </Block>
  <Block BlockType="Inport" Name="z_estimate" SID="2638">
    <P Name="Position">[150, 333, 180, 347]</P>
    <P Name="ZOrder">1154</P>
    <P Name="ForegroundColor">red</P>
    <P Name="Port">2</P>
    <PortProperties>
      <Port Type="out" Index="1">
        <P Name="PropagatedSignals">Z</P>
      </Port>
    </PortProperties>
  </Block>
  <Block BlockType="Product" Name=" " SID="2639">
    <PortCounts in="2" out="1"/>
    <P Name="Position">[295, 147, 325, 178]</P>
    <P Name="ZOrder">1148</P>
    <P Name="ForegroundColor">red</P>
    <P Name="Inputs">**</P>
  </Block>
  <Block BlockType="Reference" Name="Compare&#xA;To Constant" SID="2640">
    <PortCounts in="1" out="1"/>
    <P Name="Position">[355, 55, 385, 85]</P>
    <P Name="ZOrder">1151</P>
    <P Name="ForegroundColor">red</P>
    <P Name="LibraryVersion">7.6</P>
    <P Name="SourceBlock">simulink/Logic and Bit
Operations/Compare
To Constant</P>
    <P Name="SourceType">Compare To Constant</P>
    <InstanceData>
      <P Name="RTWMemSecFuncInitTerm">Inherit from model</P>
      <P Name="RTWMemSecFuncExecute">Inherit from model</P>
      <P Name="RTWMemSecDataConstants">Inherit from model</P>
      <P Name="RTWMemSecDataInternal">Inherit from model</P>
      <P Name="RTWMemSecDataParameters">Inherit from model</P>
      <P Name="ContentPreviewEnabled">on</P>
      <P Name="relop">&lt;</P>
      <P Name="const">200*4</P>
      <P Name="OutDataTypeStr">boolean</P>
      <P Name="ZeroCross">on</P>
    </InstanceData>
  </Block>
  <Block BlockType="Reference" Name="Counter&#xA;Free-Running" SID="2641">
    <PortCounts out="1"/>
    <P Name="Position">[295, 55, 325, 85]</P>
    <P Name="ZOrder">1152</P>
    <P Name="ForegroundColor">red</P>
    <P Name="LibraryVersion">7.6</P>
    <P Name="SourceBlock">simulink/Sources/Counter
Free-Running</P>
    <P Name="SourceType">Counter Free-Running</P>
    <InstanceData>
      <P Name="RTWMemSecFuncInitTerm">Inherit from model</P>
      <P Name="RTWMemSecFuncExecute">Inherit from model</P>
      <P Name="RTWMemSecDataConstants">Inherit from model</P>
      <P Name="RTWMemSecDataInternal">Inherit from model</P>
      <P Name="RTWMemSecDataParameters">Inherit from model</P>
      <P Name="ContentPreviewEnabled">on</P>
      <P Name="NumBits">32</P>
      <P Name="tsamp">-1</P>
    </InstanceData>
  </Block>
  <Block BlockType="Gain" Name="Gain" SID="2642">
    <P Name="Position">[255, 230, 285, 260]</P>
    <P Name="ZOrder">1149</P>
    <P Name="BlockRotation">270</P>
    <P Name="ForegroundColor">red</P>
    <P Name="Gain">-1</P>
  </Block>
  <Block BlockType="Selector" Name="Select dxy" SID="2643">
    <PortCounts in="1" out="1"/>
    <P Name="Position">[530, 53, 560, 87]</P>
    <P Name="ZOrder">1146</P>
    <P Name="ForegroundColor">red</P>
    <P Name="InputPortWidth">3</P>
    <P Name="IndexOptions">Index vector (dialog)</P>
    <P Name="Indices">[1 2]</P>
    <P Name="OutputSizes">1</P>
    <PortProperties>
      <Port Type="out" Index="1">
        <P Name="Name">optical_flow_dx_dy</P>
      </Port>
    </PortProperties>
  </Block>
  <Block BlockType="Switch" Name="Switch" SID="2644">
    <P Name="Position">[455, 50, 505, 90]</P>
    <P Name="ZOrder">1150</P>
    <P Name="ForegroundColor">red</P>
    <P Name="Criteria">u2 &gt; Threshold</P>
    <P Name="InputSameDT">off</P>
    <P Name="SaturateOnIntegerOverflow">off</P>
  </Block>
  <Block BlockType="Gain" Name="opticalFlowErrorCorrect" SID="2645">
    <P Name="Position">[355, 150, 410, 180]</P>
    <P Name="ZOrder">1147</P>
    <P Name="ForegroundColor">red</P>
    <P Name="Gain">1.15</P>
  </Block>
  <Block BlockType="Outport" Name="optical_flow_dx_dy" SID="2646">
    <P Name="Position">[675, 63, 705, 77]</P>
    <P Name="ZOrder">1155</P>
    <P Name="ForegroundColor">red</P>
  </Block>
  <Line>
    <P Name="Name">optical_flow_dx_dy</P>
    <P Name="ZOrder">1</P>
    <P Name="Labels">[0, 0]</P>
    <P Name="Src">2643#out:1</P>
    <P Name="Dst">2646#in:1</P>
  </Line>
  <Line>
    <P Name="ZOrder">2</P>
    <P Name="Src">2639#out:1</P>
    <P Name="Dst">2645#in:1</P>
  </Line>
  <Line>
    <P Name="ZOrder">3</P>
    <P Name="Src">2645#out:1</P>
    <P Name="Points">[18, 0; 0, -80]</P>
    <P Name="Dst">2644#in:3</P>
  </Line>
  <Line>
    <P Name="ZOrder">4</P>
    <P Name="Src">2642#out:1</P>
    <P Name="Points">[0, -55]</P>
    <P Name="Dst">2639#in:2</P>
  </Line>
  <Line>
    <P Name="ZOrder">5</P>
    <P Name="Src">2644#out:1</P>
    <P Name="Dst">2643#in:1</P>
  </Line>
  <Line>
    <P Name="ZOrder">6</P>
    <P Name="Src">2641#out:1</P>
    <P Name="Dst">2640#in:1</P>
  </Line>
  <Line>
    <P Name="ZOrder">7</P>
    <P Name="Src">2640#out:1</P>
    <P Name="Dst">2644#in:2</P>
  </Line>
  <Line>
    <P Name="ZOrder">8</P>
    <P Name="Src">2637#out:1</P>
    <P Name="Points">[216, 0]</P>
    <Branch>
      <P Name="ZOrder">9</P>
      <P Name="Dst">2639#in:1</P>
    </Branch>
    <Branch>
      <P Name="ZOrder">10</P>
      <P Name="Points">[0, -134; 151, 0; 0, 34]</P>
      <P Name="Dst">2644#in:1</P>
    </Branch>
  </Line>
  <Line>
    <P Name="ZOrder">11</P>
    <P Name="Src">2638#out:1</P>
    <P Name="Points">[85, 0]</P>
    <P Name="Dst">2642#in:1</P>
  </Line>
  <Annotation SID="2647">
    <P Name="Name">&lt;!DOCTYPE HTML PUBLIC &quot;-//W3C//DTD HTML 4.0//EN&quot; &quot;http://www.w3.org/TR/REC-html40/strict.dtd&quot;&gt;
&lt;html&gt;&lt;head&gt;&lt;meta name=&quot;qrichtext&quot; content=&quot;1&quot; /&gt;&lt;style type=&quot;text/css&quot;&gt;
p, li { white-space: pre-wrap; }
&lt;/style&gt;&lt;/head&gt;&lt;body align=&quot;left&quot; style=&quot; font-family:&apos;Helvetica&apos;; font-size:10px; font-weight:400; font-style:normal;&quot;&gt;
&lt;p align=&quot;left&quot; style=&quot; margin-top:0px; margin-bottom:0px; margin-left:0px; margin-right:0px; -qt-block-indent:0; text-indent:0px;&quot;&gt;&lt;span style=&quot; font-size:10px;&quot;&gt;Optical flow raw readings are converted to velocity in m/s based on the estimated altitude&lt;/span&gt;&lt;/p&gt;&lt;/body&gt;&lt;/html&gt;</P>
    <P Name="Position">[20, 420, 415, 434]</P>
    <P Name="InternalMargins">[0, 0, 0, 0]</P>
    <P Name="HorizontalAlignment">left</P>
    <P Name="VerticalAlignment">top</P>
    <P Name="Interpreter">rich</P>
    <P Name="ZOrder">-1</P>
  </Annotation>
</System>
