<?xml version="1.0" encoding="utf-8"?>
<System>
  <P Name="Location">[-1, -8, 1921, 1041]</P>
  <P Name="SIDHighWatermark">124</P>
  <Block BlockType="Inport" Name="VisionLR" SID="2747::115">
    <P Name="Position">[20, 101, 40, 119]</P>
    <P Name="ZOrder">95</P>
  </Block>
  <Block BlockType="Demux" Name=" Demux " SID="2747::110">
    <PortCounts in="1" out="1"/>
    <P Name="Position">[270, 230, 320, 270]</P>
    <P Name="ZOrder">90</P>
    <P Name="Outputs">1</P>
  </Block>
  <Block BlockType="S-Function" Name=" SFunction " SID="2747::109">
    <P Name="Tag">Stateflow S-Function 5</P>
    <PortCounts in="1" out="3"/>
    <P Name="Position">[180, 125, 230, 205]</P>
    <P Name="ZOrder">89</P>
    <P Name="FunctionName">sf_sfun</P>
    <P Name="PortCounts">[1 3]</P>
    <P Name="SFunctionDeploymentMode">off</P>
    <P Name="EnableBusSupport">on</P>
    <P Name="SFcnIsStateOwnerBlock">off</P>
    <PortProperties>
      <Port Type="out" Index="2">
        <P Name="Name">y</P>
      </Port>
      <Port Type="out" Index="3">
        <P Name="Name">x</P>
      </Port>
    </PortProperties>
  </Block>
  <Block BlockType="Terminator" Name=" Terminator " SID="2747::111">
    <P Name="Position">[460, 241, 480, 259]</P>
    <P Name="ZOrder">91</P>
  </Block>
  <Block BlockType="Outport" Name="y" SID="2747::117">
    <P Name="Position">[460, 101, 480, 119]</P>
    <P Name="ZOrder">97</P>
  </Block>
  <Block BlockType="Outport" Name="x" SID="2747::118">
    <P Name="Position">[460, 136, 480, 154]</P>
    <P Name="ZOrder">98</P>
    <P Name="Port">2</P>
  </Block>
  <Line>
    <P Name="ZOrder">125</P>
    <P Name="Src">2747::115#out:1</P>
    <P Name="Dst">2747::109#in:1</P>
  </Line>
  <Line>
    <P Name="Name">y</P>
    <P Name="ZOrder">126</P>
    <P Name="Labels">[0, 0]</P>
    <P Name="Src">2747::109#out:2</P>
    <P Name="Dst">2747::117#in:1</P>
  </Line>
  <Line>
    <P Name="Name">x</P>
    <P Name="ZOrder">127</P>
    <P Name="Labels">[0, 0]</P>
    <P Name="Src">2747::109#out:3</P>
    <P Name="Dst">2747::118#in:1</P>
  </Line>
  <Line>
    <P Name="ZOrder">128</P>
    <P Name="Src">2747::110#out:1</P>
    <P Name="Dst">2747::111#in:1</P>
  </Line>
  <Line>
    <P Name="ZOrder">129</P>
    <P Name="Src">2747::109#out:1</P>
    <P Name="Dst">2747::110#in:1</P>
  </Line>
</System>
