<?xml version="1.0" encoding="utf-8"?>
<System>
  <P Name="Location">[2, 9, 1040, 744]</P>
  <P Name="ZoomFactor">277</P>
  <Block BlockType="Inport" Name="In1" SID="2448">
    <P Name="Position">[20, 23, 50, 37]</P>
    <P Name="ZOrder">1294</P>
    <P Name="ForegroundColor">red</P>
  </Block>
  <Block BlockType="Constant" Name="Constant" SID="2449">
    <P Name="Position">[90, 42, 120, 58]</P>
    <P Name="ZOrder">1261</P>
    <P Name="ForegroundColor">magenta</P>
    <P Name="ShowName">off</P>
    <P Name="Value">2</P>
    <P Name="OutDataTypeStr">single</P>
  </Block>
  <Block BlockType="DataTypeConversion" Name="Data Type Conversion2" SID="2450">
    <P Name="Position">[100, 20, 140, 40]</P>
    <P Name="ZOrder">1293</P>
    <P Name="ForegroundColor">red</P>
    <P Name="ShowName">off</P>
    <P Name="OutDataTypeStr">single</P>
    <P Name="RndMeth">Floor</P>
    <P Name="SaturateOnIntegerOverflow">off</P>
  </Block>
  <Block BlockType="Math" Name="Math&#xA;Function" SID="2451">
    <PortCounts in="2" out="1"/>
    <P Name="Position">[155, 22, 190, 58]</P>
    <P Name="ZOrder">1258</P>
    <P Name="ForegroundColor">red</P>
    <P Name="ShowName">off</P>
    <P Name="Operator">pow</P>
    <P Name="SignedPower">on</P>
  </Block>
  <Block BlockType="Sqrt" Name="Sqrt" SID="2452">
    <P Name="Position">[270, 25, 300, 55]</P>
    <P Name="ZOrder">1260</P>
    <P Name="ForegroundColor">red</P>
    <P Name="ShowName">off</P>
  </Block>
  <Block BlockType="Sum" Name="Sum of&#xA;Elements" SID="2453">
    <PortCounts in="1" out="1"/>
    <P Name="Position">[210, 25, 240, 55]</P>
    <P Name="ZOrder">1259</P>
    <P Name="ForegroundColor">red</P>
    <P Name="ShowName">off</P>
    <P Name="IconShape">rectangular</P>
    <P Name="Inputs">+</P>
  </Block>
  <Block BlockType="Outport" Name="Out1" SID="2454">
    <P Name="Position">[335, 33, 365, 47]</P>
    <P Name="ZOrder">1295</P>
    <P Name="ForegroundColor">red</P>
  </Block>
  <Line>
    <P Name="ZOrder">1</P>
    <P Name="Src">2453#out:1</P>
    <P Name="Dst">2452#in:1</P>
  </Line>
  <Line>
    <P Name="ZOrder">2</P>
    <P Name="Src">2451#out:1</P>
    <P Name="Dst">2453#in:1</P>
  </Line>
  <Line>
    <P Name="ZOrder">3</P>
    <P Name="Src">2450#out:1</P>
    <P Name="Dst">2451#in:1</P>
  </Line>
  <Line>
    <P Name="ZOrder">4</P>
    <P Name="Src">2448#out:1</P>
    <P Name="Dst">2450#in:1</P>
  </Line>
  <Line>
    <P Name="ZOrder">5</P>
    <P Name="Src">2449#out:1</P>
    <P Name="Dst">2451#in:2</P>
  </Line>
  <Line>
    <P Name="ZOrder">6</P>
    <P Name="Src">2452#out:1</P>
    <P Name="Dst">2454#in:1</P>
  </Line>
</System>
