<?xml version="1.0" encoding="utf-8"?>
<System>
  <P Name="Location">[58, 131, 1319, 884]</P>
  <Block BlockType="ActionPort" Name="Action Port" SID="2218">
    <P Name="Position">[170, 15, 229, 43]</P>
    <P Name="ZOrder">-2</P>
    <P Name="ActionPortLabel">elseif(u2 &gt; 0)</P>
  </Block>
  <Block BlockType="Constant" Name="Constant" SID="2219">
    <P Name="Position">[70, 70, 100, 100]</P>
    <P Name="ZOrder">1</P>
    <P Name="Value">99</P>
    <P Name="OutDataTypeStr">uint8</P>
  </Block>
  <Block BlockType="Outport" Name="Out1" SID="2220">
    <P Name="Position">[325, 78, 355, 92]</P>
    <P Name="ZOrder">-3</P>
    <P Name="VectorParamsAs1DForOutWhenUnconnected">off</P>
  </Block>
  <Line>
    <P Name="ZOrder">1</P>
    <P Name="Src">2219#out:1</P>
    <P Name="Dst">2220#in:1</P>
  </Line>
</System>
