<?xml version="1.0" encoding="utf-8"?>
<System>
  <P Name="Location">[-1, -8, 1921, 1041]</P>
  <P Name="ZoomFactor">125</P>
  <Block BlockType="Inport" Name="ReferenceValueServerCmds" SID="410">
    <P Name="Position">[-465, 268, -435, 282]</P>
    <P Name="ZOrder">-1</P>
    <P Name="ForegroundColor">red</P>
  </Block>
  <Block BlockType="Inport" Name="EstimatedVal" SID="412">
    <P Name="Position">[-465, 398, -435, 412]</P>
    <P Name="ZOrder">7</P>
    <P Name="ForegroundColor">red</P>
    <P Name="Port">2</P>
  </Block>
  <Block BlockType="Inport" Name="Vision-based Data LR" SID="411">
    <P Name="Position">[-490, 628, -460, 642]</P>
    <P Name="ZOrder">6</P>
    <P Name="ForegroundColor">green</P>
    <P Name="Port">3</P>
  </Block>
  <Block BlockType="Sum" Name="Add" SID="1564">
    <PortCounts in="2" out="1"/>
    <P Name="Position">[100, 651, 130, 684]</P>
    <P Name="ZOrder">301</P>
    <P Name="IconShape">rectangular</P>
    <PortProperties>
      <Port Type="out" Index="1">
        <P Name="Name">yValue</P>
      </Port>
    </PortProperties>
  </Block>
  <Block BlockType="Sum" Name="Add1" SID="2720">
    <PortCounts in="2" out="1"/>
    <P Name="Position">[100, 546, 130, 579]</P>
    <P Name="ZOrder">342</P>
    <P Name="IconShape">rectangular</P>
    <PortProperties>
      <Port Type="out" Index="1">
        <P Name="Name">xValue</P>
      </Port>
    </PortProperties>
  </Block>
  <Block BlockType="BusSelector" Name="Bus&#xA;Selector1" SID="588">
    <PortCounts in="1" out="6"/>
    <P Name="Position">[-325, 359, -320, 446]</P>
    <P Name="ZOrder">285</P>
    <P Name="ShowName">off</P>
    <P Name="OutputSignals">X,Y,Z,yaw,pitch,roll</P>
    <PortProperties>
      <Port Type="out" Index="1">
        <P Name="Name">&lt;X&gt;</P>
      </Port>
      <Port Type="out" Index="2">
        <P Name="Name">&lt;Y&gt;</P>
      </Port>
      <Port Type="out" Index="3">
        <P Name="Name">&lt;Z&gt;</P>
      </Port>
      <Port Type="out" Index="4">
        <P Name="Name">&lt;yaw&gt;</P>
      </Port>
      <Port Type="out" Index="5">
        <P Name="Name">&lt;pitch&gt;</P>
      </Port>
      <Port Type="out" Index="6">
        <P Name="Name">&lt;roll&gt;</P>
      </Port>
    </PortProperties>
  </Block>
  <Block BlockType="BusAssignment" Name="Bus &#xA;Assignment" SID="413">
    <PortCounts in="2" out="1"/>
    <P Name="Position">[430, 265, 505, 300]</P>
    <P Name="ZOrder">1</P>
    <P Name="ForegroundColor">red</P>
    <P Name="AssignedSignals">pos_ref</P>
  </Block>
  <Block BlockType="SubSystem" Name="Chart" SID="2747">
    <PortCounts in="1" out="2"/>
    <P Name="Position">[-370, 585, -254, 683]</P>
    <P Name="ZOrder">359</P>
    <P Name="LibrarySourceProduct" Ref="bdmxdata:LibrarySourceProduct_2747"/>
    <P Name="ErrorFcn">Stateflow.Translate.translate</P>
    <P Name="PermitHierarchicalResolution">ExplicitOnly</P>
    <P Name="TreatAsAtomicUnit">on</P>
    <P Name="SFBlockType">Chart</P>
    <P Name="ContentPreviewEnabled">on</P>
    <P Name="PortSchema">{&quot;entries&quot;:[{&quot;content&quot;:{&quot;sides&quot;:[{&quot;content&quot;:{&quot;connectorIds&quot;:[&quot;In1&quot;]},&quot;type&quot;:&quot;ConnectorPlacement.EquallySpacedRectSide&quot;,&quot;uuid&quot;:&quot;af10e7fd-560d-4fcc-b683-2a2ac6c70a67&quot;},{&quot;content&quot;:{&quot;connectorIds&quot;:[&quot;Out2&quot;,&quot;Out1&quot;],&quot;side&quot;:&quot;RIGHT&quot;},&quot;type&quot;:&quot;ConnectorPlacement.EquallySpacedRectSide&quot;,&quot;uuid&quot;:&quot;dcb3f6cd-6cdc-4d25-b76f-0ac4056b3d8c&quot;},{&quot;content&quot;:{&quot;side&quot;:&quot;TOP&quot;},&quot;type&quot;:&quot;ConnectorPlacement.EquallySpacedRectSide&quot;,&quot;uuid&quot;:&quot;7fc23e34-5be1-4cc5-b83a-b30778f27cec&quot;},{&quot;content&quot;:{&quot;side&quot;:&quot;BOTTOM&quot;},&quot;type&quot;:&quot;ConnectorPlacement.EquallySpacedRectSide&quot;,&quot;uuid&quot;:&quot;4ddcb996-5f18-487c-8af5-34c892e4503e&quot;}]},&quot;type&quot;:&quot;ConnectorPlacement.EquallySpacedConnector&quot;,&quot;uuid&quot;:&quot;0ae0549f-a4c0-4eec-9844-3c8889b5540d&quot;}],&quot;packageUris&quot;:[&quot;http://schema.mathworks.com/mf0/Connector/R2020b&quot;],&quot;version&quot;:&quot;1.0&quot;}</P>
    <PortProperties>
      <Port Type="out" Index="1">
        <P Name="PropagatedSignals">y</P>
      </Port>
      <Port Type="out" Index="2">
        <P Name="PropagatedSignals">x</P>
      </Port>
    </PortProperties>
    <System Ref="system_2747"/>
  </Block>
  <Block BlockType="DataTypeConversion" Name="Data Type Conversion" SID="465">
    <P Name="Position">[295, 635, 345, 655]</P>
    <P Name="ZOrder">56</P>
    <P Name="OutDataTypeStr">single</P>
    <P Name="RndMeth">Floor</P>
    <P Name="SaturateOnIntegerOverflow">off</P>
  </Block>
  <Block BlockType="Delay" Name="Delay" SID="1565">
    <PortCounts in="1" out="1"/>
    <P Name="Position">[100, 708, 135, 742]</P>
    <P Name="ZOrder">302</P>
    <P Name="BlockMirror">on</P>
    <P Name="InputPortMap">u0</P>
    <P Name="DelayLength">1</P>
  </Block>
  <Block BlockType="Delay" Name="Delay1" SID="2721">
    <PortCounts in="1" out="1"/>
    <P Name="Position">[100, 593, 135, 627]</P>
    <P Name="ZOrder">343</P>
    <P Name="BlockMirror">on</P>
    <P Name="InputPortMap">u0</P>
    <P Name="DelayLength">1</P>
  </Block>
  <Block BlockType="Gain" Name="Gain" SID="1601">
    <P Name="Position">[15, 645, 65, 675]</P>
    <P Name="ZOrder">334</P>
    <P Name="Gain">0.001</P>
  </Block>
  <Block BlockType="Gain" Name="Gain1" SID="2722">
    <P Name="Position">[0, 535, 50, 565]</P>
    <P Name="ZOrder">344</P>
    <P Name="Gain">0.001</P>
  </Block>
  <Block BlockType="Mux" Name="Mux" SID="417">
    <PortCounts in="3" out="1"/>
    <P Name="Position">[240, 626, 245, 664]</P>
    <P Name="ZOrder">4</P>
    <P Name="ForegroundColor">red</P>
    <P Name="ShowName">off</P>
    <P Name="Inputs">3</P>
    <P Name="DisplayOption">bar</P>
  </Block>
  <Block BlockType="Terminator" Name="Terminator1" SID="589">
    <P Name="Position">[-240, 360, -230, 370]</P>
    <P Name="ZOrder">286</P>
    <P Name="NameLocation">top</P>
    <P Name="ShowName">off</P>
  </Block>
  <Block BlockType="Terminator" Name="Terminator2" SID="591">
    <P Name="Position">[-240, 375, -230, 385]</P>
    <P Name="ZOrder">288</P>
    <P Name="NameLocation">top</P>
    <P Name="ShowName">off</P>
  </Block>
  <Block BlockType="Terminator" Name="Terminator3" SID="592">
    <P Name="Position">[-240, 390, -230, 400]</P>
    <P Name="ZOrder">289</P>
    <P Name="NameLocation">top</P>
    <P Name="ShowName">off</P>
  </Block>
  <Block BlockType="Terminator" Name="Terminator4" SID="2785">
    <P Name="Position">[-240, 405, -230, 415]</P>
    <P Name="ZOrder">368</P>
    <P Name="NameLocation">top</P>
    <P Name="ShowName">off</P>
  </Block>
  <Block BlockType="Terminator" Name="Terminator5" SID="615">
    <P Name="Position">[-240, 420, -230, 430]</P>
    <P Name="ZOrder">292</P>
    <P Name="NameLocation">top</P>
    <P Name="ShowName">off</P>
  </Block>
  <Block BlockType="Terminator" Name="Terminator6" SID="616">
    <P Name="Position">[-240, 435, -230, 445]</P>
    <P Name="ZOrder">293</P>
    <P Name="NameLocation">top</P>
    <P Name="ShowName">off</P>
  </Block>
  <Block BlockType="Constant" Name="zValue" SID="452">
    <P Name="Position">[190, 775, 220, 805]</P>
    <P Name="ZOrder">43</P>
    <P Name="Value">-1.1</P>
  </Block>
  <Block BlockType="Outport" Name="UpdatedReferenceCmds" SID="419">
    <P Name="Position">[555, 278, 585, 292]</P>
    <P Name="ZOrder">-2</P>
    <P Name="ForegroundColor">red</P>
    <P Name="VectorParamsAs1DForOutWhenUnconnected">off</P>
  </Block>
  <Line>
    <P Name="ZOrder">1</P>
    <P Name="Src">413#out:1</P>
    <P Name="Dst">419#in:1</P>
  </Line>
  <Line>
    <P Name="ZOrder">2</P>
    <P Name="Src">410#out:1</P>
    <P Name="Dst">413#in:1</P>
  </Line>
  <Line>
    <P Name="ZOrder">16</P>
    <P Name="Src">417#out:1</P>
    <P Name="Dst">465#in:1</P>
  </Line>
  <Line>
    <P Name="ZOrder">75</P>
    <P Name="Src">412#out:1</P>
    <P Name="Dst">588#in:1</P>
  </Line>
  <Line>
    <P Name="Name">&lt;X&gt;</P>
    <P Name="ZOrder">78</P>
    <P Name="Labels">[1, 1]</P>
    <P Name="Src">588#out:1</P>
    <P Name="Dst">589#in:1</P>
  </Line>
  <Line>
    <P Name="Name">&lt;Y&gt;</P>
    <P Name="ZOrder">80</P>
    <P Name="Labels">[1, 1]</P>
    <P Name="Src">588#out:2</P>
    <P Name="Dst">591#in:1</P>
  </Line>
  <Line>
    <P Name="Name">&lt;Z&gt;</P>
    <P Name="ZOrder">81</P>
    <P Name="Labels">[1, 1]</P>
    <P Name="Src">588#out:3</P>
    <P Name="Dst">592#in:1</P>
  </Line>
  <Line>
    <P Name="Name">&lt;yaw&gt;</P>
    <P Name="ZOrder">544</P>
    <P Name="Labels">[1, 1]</P>
    <P Name="Src">588#out:4</P>
    <P Name="Dst">2785#in:1</P>
  </Line>
  <Line>
    <P Name="Name">&lt;pitch&gt;</P>
    <P Name="ZOrder">95</P>
    <P Name="Labels">[1, 1]</P>
    <P Name="Src">588#out:5</P>
    <P Name="Dst">615#in:1</P>
  </Line>
  <Line>
    <P Name="Name">&lt;roll&gt;</P>
    <P Name="ZOrder">96</P>
    <P Name="Labels">[1, 1]</P>
    <P Name="Src">588#out:6</P>
    <P Name="Dst">616#in:1</P>
  </Line>
  <Line>
    <P Name="ZOrder">168</P>
    <P Name="Src">452#out:1</P>
    <P Name="Dst">417#in:3</P>
  </Line>
  <Line>
    <P Name="ZOrder">496</P>
    <P Name="Src">465#out:1</P>
    <P Name="Points">[38, 0; 0, -355]</P>
    <P Name="Dst">413#in:2</P>
  </Line>
  <Line>
    <P Name="ZOrder">215</P>
    <P Name="Src">1565#out:1</P>
    <P Name="Points">[-10, 0]</P>
    <P Name="Dst">1564#in:2</P>
  </Line>
  <Line>
    <P Name="Name">yValue</P>
    <P Name="ZOrder">221</P>
    <P Name="Src">1564#out:1</P>
    <P Name="Points">[44, 0]</P>
    <Branch>
      <P Name="ZOrder">409</P>
      <P Name="Labels">[2, 1]</P>
      <P Name="Points">[0, -25]</P>
      <P Name="Dst">417#in:2</P>
    </Branch>
    <Branch>
      <P Name="ZOrder">395</P>
      <P Name="Points">[0, 55]</P>
      <P Name="Dst">1565#in:1</P>
    </Branch>
  </Line>
  <Line>
    <P Name="ZOrder">314</P>
    <P Name="Src">1601#out:1</P>
    <P Name="Dst">1564#in:1</P>
  </Line>
  <Line>
    <P Name="ZOrder">341</P>
    <P Name="Src">2721#out:1</P>
    <P Name="Points">[-10, 0]</P>
    <P Name="Dst">2720#in:2</P>
  </Line>
  <Line>
    <P Name="Name">xValue</P>
    <P Name="ZOrder">344</P>
    <P Name="Labels">[0, 1]</P>
    <P Name="Src">2720#out:1</P>
    <P Name="Points">[18, 0; 0, 45]</P>
    <Branch>
      <P Name="ZOrder">353</P>
      <P Name="Points">[0, 25]</P>
      <P Name="Dst">417#in:1</P>
    </Branch>
    <Branch>
      <P Name="ZOrder">343</P>
      <P Name="Dst">2721#in:1</P>
    </Branch>
  </Line>
  <Line>
    <P Name="ZOrder">345</P>
    <P Name="Src">2722#out:1</P>
    <P Name="Points">[12, 0; 0, 5]</P>
    <P Name="Dst">2720#in:1</P>
  </Line>
  <Line>
    <P Name="ZOrder">404</P>
    <P Name="Src">411#out:1</P>
    <P Name="Dst">2747#in:1</P>
  </Line>
  <Line>
    <P Name="ZOrder">401</P>
    <P Name="Src">2747#out:1</P>
    <P Name="Points">[0, 0]</P>
    <P Name="Dst">1601#in:1</P>
  </Line>
  <Line>
    <P Name="ZOrder">402</P>
    <P Name="Src">2747#out:2</P>
    <P Name="Points">[78, 0; 0, -60]</P>
    <P Name="Dst">2722#in:1</P>
  </Line>
  <Annotation SID="594">
    <P Name="Name">Estimated values from the 
State Estimator</P>
    <P Name="Position">[-366, 302, -207, 473]</P>
    <P Name="InternalMargins">[0, 0, 0, 0]</P>
    <P Name="FixedWidth">on</P>
    <P Name="HorizontalAlignment">left</P>
    <P Name="VerticalAlignment">top</P>
    <P Name="ForegroundColor">[1.000000, 0.870588, 0.756863]</P>
    <P Name="BackgroundColor">[1.000000, 0.870588, 0.756863]</P>
    <P Name="DropShadow">on</P>
    <P Name="AnnotationType">area_annotation</P>
    <P Name="ZOrder">1680</P>
    <P Name="FontSize">12</P>
  </Annotation>
</System>
