<?xml version="1.0" encoding="utf-8"?>
<System>
  <P Name="Location">[2, 9, 1040, 744]</P>
  <P Name="ZoomFactor">96</P>
  <Block BlockType="Inport" Name="dxy_estimin" SID="2551">
    <P Name="Position">[380, 128, 410, 142]</P>
    <P Name="ZOrder">1125</P>
    <P Name="ForegroundColor">red</P>
    <PortProperties>
      <Port Type="out" Index="1">
        <P Name="PropagatedSignals">optical_flow_dx_dy</P>
      </Port>
    </PortProperties>
  </Block>
  <Block BlockType="Inport" Name="sensorIMU_datin" SID="2552">
    <P Name="Position">[475, 265, 515, 285]</P>
    <P Name="ZOrder">1117</P>
    <P Name="ForegroundColor">red</P>
    <P Name="Port">2</P>
  </Block>
  <Block BlockType="Inport" Name="orient_estimin" SID="2553">
    <P Name="Position">[85, 217, 125, 233]</P>
    <P Name="ZOrder">1116</P>
    <P Name="ForegroundColor">red</P>
    <P Name="NameLocation">top</P>
    <P Name="Port">3</P>
    <PortProperties>
      <Port Type="out" Index="1">
        <P Name="PropagatedSignals">Attitude</P>
      </Port>
    </PortProperties>
  </Block>
  <Block BlockType="Inport" Name="Z_estimin" SID="2554">
    <P Name="Position">[525, 373, 555, 387]</P>
    <P Name="ZOrder">1122</P>
    <P Name="ForegroundColor">red</P>
    <P Name="Port">4</P>
    <PortProperties>
      <Port Type="out" Index="1">
        <P Name="PropagatedSignals">Z</P>
      </Port>
    </PortProperties>
  </Block>
  <Block BlockType="Sum" Name="Add" SID="2555">
    <PortCounts in="2" out="1"/>
    <P Name="Position">[685, 224, 710, 291]</P>
    <P Name="ZOrder">422</P>
    <P Name="ForegroundColor">red</P>
    <P Name="ShowName">off</P>
    <P Name="IconShape">rectangular</P>
    <P Name="Inputs">-+</P>
  </Block>
  <Block BlockType="BusSelector" Name="Bus&#xA;Selector1" SID="2556">
    <PortCounts in="1" out="3"/>
    <P Name="Position">[565, 256, 570, 294]</P>
    <P Name="ZOrder">1114</P>
    <P Name="ForegroundColor">red</P>
    <P Name="ShowName">off</P>
    <P Name="OutputSignals">ddx,ddy,ddz</P>
    <PortProperties>
      <Port Type="out" Index="1">
        <P Name="Name">&lt;ddx&gt;</P>
      </Port>
      <Port Type="out" Index="2">
        <P Name="Name">&lt;ddy&gt;</P>
      </Port>
      <Port Type="out" Index="3">
        <P Name="Name">&lt;ddz&gt;</P>
      </Port>
    </PortProperties>
  </Block>
  <Block BlockType="Reference" Name="Deactivate Acceleration If OF is not used due to low altitude" SID="2557">
    <PortCounts in="1" out="1"/>
    <P Name="Position">[620, 367, 795, 393]</P>
    <P Name="ZOrder">1121</P>
    <P Name="ForegroundColor">red</P>
    <P Name="LibraryVersion">7.6</P>
    <P Name="SourceBlock">simulink/Logic and Bit
Operations/Compare
To Constant</P>
    <P Name="SourceType">Compare To Constant</P>
    <InstanceData>
      <P Name="RTWMemSecFuncInitTerm">Inherit from model</P>
      <P Name="RTWMemSecFuncExecute">Inherit from model</P>
      <P Name="RTWMemSecDataConstants">Inherit from model</P>
      <P Name="RTWMemSecDataInternal">Inherit from model</P>
      <P Name="RTWMemSecDataParameters">Inherit from model</P>
      <P Name="ContentPreviewEnabled">off</P>
      <P Name="relop">&lt;=</P>
      <P Name="const">Estimator.pos.opticalFlowZMax</P>
      <P Name="OutDataTypeStr">boolean</P>
      <P Name="ZeroCross">on</P>
    </InstanceData>
  </Block>
  <Block BlockType="Logic" Name="Logical&#xA;Operator" SID="2558">
    <PortCounts in="2" out="1"/>
    <P Name="Position">[820, 82, 855, 198]</P>
    <P Name="ZOrder">1131</P>
    <P Name="ForegroundColor">red</P>
    <P Name="ShowName">off</P>
    <P Name="Operator">OR</P>
    <P Name="AllPortsSameDT">off</P>
    <P Name="OutDataTypeStr">boolean</P>
  </Block>
  <Block BlockType="Mux" Name="Mux6" SID="2559">
    <PortCounts in="3" out="1"/>
    <P Name="Position">[620, 256, 625, 294]</P>
    <P Name="ZOrder">1115</P>
    <P Name="ForegroundColor">red</P>
    <P Name="ShowName">off</P>
    <P Name="Inputs">3</P>
    <P Name="DisplayOption">bar</P>
  </Block>
  <Block BlockType="Product" Name="Product" SID="2560">
    <PortCounts in="3" out="1"/>
    <P Name="Position">[940, 81, 965, 439]</P>
    <P Name="ZOrder">1123</P>
    <P Name="ForegroundColor">red</P>
    <P Name="ShowName">off</P>
    <P Name="Inputs">3</P>
  </Block>
  <Block BlockType="Product" Name="Product1" SID="2561">
    <PortCounts in="2" out="1"/>
    <P Name="Position">[355, 209, 400, 271]</P>
    <P Name="ZOrder">1133</P>
    <P Name="ForegroundColor">red</P>
    <P Name="ShowName">off</P>
    <P Name="Multiplication">Matrix(*)</P>
  </Block>
  <Block BlockType="Reference" Name="Rotation Angles to&#xA;Direction Cosine Matrix" SID="2562">
    <PortCounts in="1" out="1"/>
    <P Name="Position">[235, 211, 330, 239]</P>
    <P Name="ZOrder">1132</P>
    <P Name="ForegroundColor">red</P>
    <P Name="BackgroundColor">[1.000000, 0.501961, 0.501961]</P>
    <P Name="ShowName">off</P>
    <P Name="AttributesFormatString">Rotation Order: %&lt;rotationOrder&gt;</P>
    <P Name="LibraryVersion">12.9</P>
    <P Name="SourceBlock">sharedtransform/Rotation Angles to
Direction Cosine Matrix</P>
    <P Name="SourceType">Ang2DCM</P>
    <InstanceData>
      <P Name="RTWMemSecFuncInitTerm">Inherit from model</P>
      <P Name="RTWMemSecFuncExecute">Inherit from model</P>
      <P Name="RTWMemSecDataConstants">Inherit from model</P>
      <P Name="RTWMemSecDataInternal">Inherit from model</P>
      <P Name="RTWMemSecDataParameters">Inherit from model</P>
      <P Name="ContentPreviewEnabled">off</P>
      <P Name="rotationOrder">ZYX</P>
      <P Name="aMode">aMode</P>
    </InstanceData>
  </Block>
  <Block BlockType="Selector" Name="SelectPlanarddxy" SID="2563">
    <PortCounts in="1" out="1"/>
    <P Name="Position">[745, 238, 770, 282]</P>
    <P Name="ZOrder">393</P>
    <P Name="ForegroundColor">red</P>
    <P Name="InputPortWidth">3</P>
    <P Name="IndexOptions">Index vector (dialog)</P>
    <P Name="Indices">[1 2]</P>
    <P Name="OutputSizes">1</P>
  </Block>
  <Block BlockType="Selector" Name="Selector" SID="2564">
    <PortCounts in="1" out="1"/>
    <P Name="Position">[520, 91, 560, 129]</P>
    <P Name="ZOrder">1126</P>
    <P Name="ForegroundColor">red</P>
    <P Name="ShowName">off</P>
    <P Name="InputPortWidth">2</P>
    <P Name="IndexOptions">Index vector (dialog)</P>
    <P Name="Indices">1</P>
    <P Name="OutputSizes">1</P>
  </Block>
  <Block BlockType="Selector" Name="Selector1" SID="2565">
    <PortCounts in="1" out="1"/>
    <P Name="Position">[520, 151, 560, 189]</P>
    <P Name="ZOrder">1128</P>
    <P Name="ForegroundColor">red</P>
    <P Name="ShowName">off</P>
    <P Name="InputPortWidth">2</P>
    <P Name="IndexOptions">Index vector (dialog)</P>
    <P Name="Indices">2</P>
    <P Name="OutputSizes">1</P>
  </Block>
  <Block BlockType="Reference" Name="do not use acc if optical flow never available&#xA;(Note OF@60Hz but ZOH to 200!)" SID="2566">
    <PortCounts in="1" out="1"/>
    <P Name="Position">[685, 97, 750, 123]</P>
    <P Name="ZOrder">1129</P>
    <P Name="ForegroundColor">red</P>
    <P Name="LibraryVersion">7.6</P>
    <P Name="SourceBlock">simulink/Logic and Bit
Operations/Compare
To Constant</P>
    <P Name="SourceType">Compare To Constant</P>
    <InstanceData>
      <P Name="RTWMemSecFuncInitTerm">Inherit from model</P>
      <P Name="RTWMemSecFuncExecute">Inherit from model</P>
      <P Name="RTWMemSecDataConstants">Inherit from model</P>
      <P Name="RTWMemSecDataInternal">Inherit from model</P>
      <P Name="RTWMemSecDataParameters">Inherit from model</P>
      <P Name="ContentPreviewEnabled">off</P>
      <P Name="relop">~=</P>
      <P Name="const">0</P>
      <P Name="OutDataTypeStr">boolean</P>
      <P Name="ZeroCross">on</P>
    </InstanceData>
  </Block>
  <Block BlockType="Reference" Name="do not use acc if optical flow never available&#xA;(Note OF@60Hz but ZOH to 200!)1" SID="2567">
    <PortCounts in="1" out="1"/>
    <P Name="Position">[685, 157, 750, 183]</P>
    <P Name="ZOrder">1130</P>
    <P Name="ForegroundColor">red</P>
    <P Name="LibraryVersion">7.6</P>
    <P Name="SourceBlock">simulink/Logic and Bit
Operations/Compare
To Constant</P>
    <P Name="SourceType">Compare To Constant</P>
    <InstanceData>
      <P Name="RTWMemSecFuncInitTerm">Inherit from model</P>
      <P Name="RTWMemSecFuncExecute">Inherit from model</P>
      <P Name="RTWMemSecDataConstants">Inherit from model</P>
      <P Name="RTWMemSecDataInternal">Inherit from model</P>
      <P Name="RTWMemSecDataParameters">Inherit from model</P>
      <P Name="ContentPreviewEnabled">off</P>
      <P Name="relop">~=</P>
      <P Name="const">0</P>
      <P Name="OutDataTypeStr">boolean</P>
      <P Name="ZeroCross">on</P>
    </InstanceData>
  </Block>
  <Block BlockType="Gain" Name="gainaccinput1" SID="2568">
    <P Name="Position">[810, 235, 905, 285]</P>
    <P Name="ZOrder">1134</P>
    <P Name="ForegroundColor">red</P>
    <P Name="OutDataTypeStr">single</P>
  </Block>
  <Block BlockType="Constant" Name="gravity" SID="2569">
    <P Name="Position">[145, 242, 220, 268]</P>
    <P Name="ZOrder">418</P>
    <P Name="ForegroundColor">magenta</P>
    <P Name="Value">[0 0 -g]</P>
  </Block>
  <Block BlockType="Outport" Name="acceleration_world" SID="2570">
    <P Name="Position">[1015, 253, 1045, 267]</P>
    <P Name="ZOrder">1118</P>
    <P Name="ForegroundColor">red</P>
    <P Name="OutDataTypeStr">single</P>
    <P Name="VectorParamsAs1DForOutWhenUnconnected">off</P>
  </Block>
  <Line>
    <P Name="ZOrder">1</P>
    <P Name="Src">2567#out:1</P>
    <P Name="Dst">2558#in:2</P>
  </Line>
  <Line>
    <P Name="ZOrder">2</P>
    <P Name="Src">2566#out:1</P>
    <P Name="Dst">2558#in:1</P>
  </Line>
  <Line>
    <P Name="ZOrder">3</P>
    <P Name="Src">2558#out:1</P>
    <P Name="Dst">2560#in:1</P>
  </Line>
  <Line>
    <P Name="ZOrder">4</P>
    <P Name="Src">2565#out:1</P>
    <P Name="Dst">2567#in:1</P>
  </Line>
  <Line>
    <P Name="ZOrder">5</P>
    <P Name="Src">2564#out:1</P>
    <P Name="Dst">2566#in:1</P>
  </Line>
  <Line>
    <P Name="ZOrder">6</P>
    <P Name="Src">2551#out:1</P>
    <P Name="Points">[50, 0]</P>
    <Branch>
      <P Name="ZOrder">7</P>
      <P Name="Points">[0, 35]</P>
      <P Name="Dst">2565#in:1</P>
    </Branch>
    <Branch>
      <P Name="ZOrder">8</P>
      <P Name="Points">[0, -25]</P>
      <P Name="Dst">2564#in:1</P>
    </Branch>
  </Line>
  <Line>
    <P Name="ZOrder">9</P>
    <P Name="Src">2560#out:1</P>
    <P Name="Dst">2570#in:1</P>
  </Line>
  <Line>
    <P Name="ZOrder">10</P>
    <P Name="Src">2557#out:1</P>
    <P Name="Dst">2560#in:3</P>
  </Line>
  <Line>
    <P Name="ZOrder">11</P>
    <P Name="Src">2554#out:1</P>
    <P Name="Dst">2557#in:1</P>
  </Line>
  <Line>
    <P Name="ZOrder">12</P>
    <P Name="Src">2555#out:1</P>
    <P Name="Dst">2563#in:1</P>
  </Line>
  <Line>
    <P Name="ZOrder">13</P>
    <P Name="Src">2561#out:1</P>
    <P Name="Dst">2555#in:1</P>
  </Line>
  <Line>
    <P Name="ZOrder">14</P>
    <P Name="Src">2569#out:1</P>
    <P Name="Dst">2561#in:2</P>
  </Line>
  <Line>
    <P Name="ZOrder">15</P>
    <P Name="Src">2563#out:1</P>
    <P Name="Dst">2568#in:1</P>
  </Line>
  <Line>
    <P Name="Name">&lt;ddz&gt;</P>
    <P Name="ZOrder">16</P>
    <P Name="Labels">[0, 0]</P>
    <P Name="Src">2556#out:3</P>
    <P Name="Dst">2559#in:3</P>
  </Line>
  <Line>
    <P Name="Name">&lt;ddx&gt;</P>
    <P Name="ZOrder">17</P>
    <P Name="Labels">[0, 0]</P>
    <P Name="Src">2556#out:1</P>
    <P Name="Dst">2559#in:1</P>
  </Line>
  <Line>
    <P Name="ZOrder">18</P>
    <P Name="Src">2552#out:1</P>
    <P Name="Dst">2556#in:1</P>
  </Line>
  <Line>
    <P Name="ZOrder">19</P>
    <P Name="Src">2559#out:1</P>
    <P Name="Dst">2555#in:2</P>
  </Line>
  <Line>
    <P Name="Name">&lt;ddy&gt;</P>
    <P Name="ZOrder">20</P>
    <P Name="Labels">[0, 0]</P>
    <P Name="Src">2556#out:2</P>
    <P Name="Dst">2559#in:2</P>
  </Line>
  <Line>
    <P Name="ZOrder">21</P>
    <P Name="Src">2553#out:1</P>
    <P Name="Dst">2562#in:1</P>
  </Line>
  <Line>
    <P Name="ZOrder">22</P>
    <P Name="Src">2562#out:1</P>
    <P Name="Dst">2561#in:1</P>
  </Line>
  <Line>
    <P Name="ZOrder">23</P>
    <P Name="Src">2568#out:1</P>
    <P Name="Dst">2560#in:2</P>
  </Line>
</System>
