<?xml version="1.0" encoding="utf-8"?>
<System>
  <P Name="Location">[2, 9, 1040, 744]</P>
  <P Name="ZoomFactor">121</P>
  <Block BlockType="Inport" Name="HAL_acc_SI" SID="2508">
    <P Name="Position">[105, 133, 135, 147]</P>
    <P Name="ZOrder">1280</P>
    <P Name="ForegroundColor">red</P>
    <P Name="OutDataTypeStr">Bus: HAL_acc_SI_t</P>
    <PortProperties>
      <Port Type="out" Index="1">
        <P Name="PropagatedSignals">HAL_acc_SI</P>
      </Port>
    </PortProperties>
  </Block>
  <Block BlockType="Inport" Name="HAL_gyro_SI" SID="2509">
    <P Name="Position">[90, 253, 120, 267]</P>
    <P Name="ZOrder">1281</P>
    <P Name="ForegroundColor">red</P>
    <P Name="Port">2</P>
    <P Name="OutDataTypeStr">Bus: HAL_gyro_SI_t</P>
    <PortProperties>
      <Port Type="out" Index="1">
        <P Name="PropagatedSignals">HAL_gyro_SI</P>
      </Port>
    </PortProperties>
  </Block>
  <Block BlockType="Inport" Name="HAL_ultrasound_SI" SID="2510">
    <P Name="Position">[105, 333, 135, 347]</P>
    <P Name="ZOrder">1276</P>
    <P Name="ForegroundColor">red</P>
    <P Name="Port">3</P>
    <P Name="OutDataTypeStr">Bus: HAL_ultrasound_SI_t</P>
    <PortProperties>
      <Port Type="out" Index="1">
        <P Name="PropagatedSignals">HAL_ultrasound_SI</P>
        <P Name="ShowPropagatedSignals">on</P>
      </Port>
    </PortProperties>
  </Block>
  <Block BlockType="Inport" Name="HAL_pressure_SI" SID="2511">
    <P Name="Position">[175, 373, 205, 387]</P>
    <P Name="ZOrder">1278</P>
    <P Name="ForegroundColor">red</P>
    <P Name="Port">4</P>
    <P Name="OutDataTypeStr">Bus: HAL_pressure_SI_t</P>
    <PortProperties>
      <Port Type="out" Index="1">
        <P Name="PropagatedSignals">HAL_pressure_SI</P>
      </Port>
    </PortProperties>
  </Block>
  <Block BlockType="Inport" Name="HAL_vbat_SI" SID="2512">
    <P Name="Position">[105, 433, 135, 447]</P>
    <P Name="ZOrder">1296</P>
    <P Name="ForegroundColor">red</P>
    <P Name="Port">5</P>
    <P Name="OutDataTypeStr">Bus: HAL_vbat_SI_t</P>
    <PortProperties>
      <Port Type="out" Index="1">
        <P Name="PropagatedSignals">HAL_vbat_SI</P>
      </Port>
    </PortProperties>
  </Block>
  <Block BlockType="BusSelector" Name="Bus&#xA;Selector1" SID="2513">
    <PortCounts in="1" out="2"/>
    <P Name="Position">[190, 421, 195, 459]</P>
    <P Name="ZOrder">1298</P>
    <P Name="ForegroundColor">red</P>
    <P Name="ShowName">off</P>
    <P Name="OutputSignals">vbat_V,vbat_percentage</P>
    <PortProperties>
      <Port Type="out" Index="1">
        <P Name="Name">&lt;vbat_V&gt;</P>
      </Port>
      <Port Type="out" Index="2">
        <P Name="Name">&lt;vbat_percentage&gt;</P>
      </Port>
    </PortProperties>
  </Block>
  <Block BlockType="BusSelector" Name="Bus&#xA;Selector3" SID="2514">
    <PortCounts in="1" out="3"/>
    <P Name="Position">[185, 80, 190, 200]</P>
    <P Name="ZOrder">1256</P>
    <P Name="ForegroundColor">red</P>
    <P Name="ShowName">off</P>
    <P Name="OutputSignals">x,y,z</P>
    <PortProperties>
      <Port Type="out" Index="1">
        <P Name="Name">&lt;x&gt;</P>
      </Port>
      <Port Type="out" Index="2">
        <P Name="Name">&lt;y&gt;</P>
      </Port>
      <Port Type="out" Index="3">
        <P Name="Name">&lt;z&gt;</P>
      </Port>
    </PortProperties>
  </Block>
  <Block BlockType="BusSelector" Name="Bus&#xA;Selector4" SID="2515">
    <PortCounts in="1" out="4"/>
    <P Name="Position">[165, 201, 170, 319]</P>
    <P Name="ZOrder">1257</P>
    <P Name="ForegroundColor">red</P>
    <P Name="ShowName">off</P>
    <P Name="OutputSignals">x,y,z,temperature</P>
    <PortProperties>
      <Port Type="out" Index="1">
        <P Name="Name">&lt;x&gt;</P>
      </Port>
      <Port Type="out" Index="2">
        <P Name="Name">&lt;y&gt;</P>
      </Port>
      <Port Type="out" Index="3">
        <P Name="Name">&lt;z&gt;</P>
      </Port>
      <Port Type="out" Index="4">
        <P Name="Name">&lt;temperature&gt;</P>
      </Port>
    </PortProperties>
  </Block>
  <Block BlockType="BusSelector" Name="Bus&#xA;Selector5" SID="2516">
    <PortCounts in="1" out="1"/>
    <P Name="Position">[185, 321, 190, 359]</P>
    <P Name="ZOrder">1258</P>
    <P Name="ForegroundColor">red</P>
    <P Name="ShowName">off</P>
    <P Name="OutputSignals">altitude</P>
    <PortProperties>
      <Port Type="out" Index="1">
        <P Name="Name">&lt;altitude&gt;</P>
      </Port>
    </PortProperties>
  </Block>
  <Block BlockType="BusSelector" Name="Bus&#xA;Selector6" SID="2517">
    <PortCounts in="1" out="1"/>
    <P Name="Position">[255, 361, 260, 399]</P>
    <P Name="ZOrder">1259</P>
    <P Name="ForegroundColor">red</P>
    <P Name="ShowName">off</P>
    <P Name="OutputSignals">pressure</P>
    <PortProperties>
      <Port Type="out" Index="1">
        <P Name="Name">&lt;pressure&gt;</P>
      </Port>
    </PortProperties>
  </Block>
  <Block BlockType="Outport" Name="Out Bus Element" SID="2518">
    <P Name="Position">[320, 95, 330, 105]</P>
    <P Name="ZOrder">1295</P>
    <P Name="ForegroundColor">red</P>
    <P Name="ShowName">off</P>
    <List ListType="InterfaceData">
      <P Name="Version">0</P>
      <P Name="PortNumber">1</P>
      <P Name="PortName">sensordata_datin</P>
      <P Name="Element">ddx</P>
      <P Name="PortBlockIndex">1</P>
      <P Name="IsComposite">1</P>
      <P Name="IsClientServer">0</P>
    </List>
    <P Name="VectorParamsAs1DForOutWhenUnconnected">off</P>
  </Block>
  <Block BlockType="Outport" Name="Out Bus Element1" SID="2519">
    <P Name="Position">[320, 135, 330, 145]</P>
    <P Name="ZOrder">22</P>
    <P Name="ForegroundColor">red</P>
    <P Name="ShowName">off</P>
    <List ListType="InterfaceData">
      <P Name="Version">0</P>
      <P Name="PortNumber">1</P>
      <P Name="PortName">sensordata_datin</P>
      <P Name="Element">ddy</P>
      <P Name="PortBlockIndex">2</P>
      <P Name="IsComposite">1</P>
      <P Name="IsClientServer">0</P>
    </List>
    <P Name="VectorParamsAs1DForOutWhenUnconnected">off</P>
  </Block>
  <Block BlockType="Outport" Name="Out Bus Element2" SID="2520">
    <P Name="Position">[320, 175, 330, 185]</P>
    <P Name="ZOrder">22</P>
    <P Name="ForegroundColor">red</P>
    <P Name="ShowName">off</P>
    <List ListType="InterfaceData">
      <P Name="Version">0</P>
      <P Name="PortNumber">1</P>
      <P Name="PortName">sensordata_datin</P>
      <P Name="Element">ddz</P>
      <P Name="PortBlockIndex">3</P>
      <P Name="IsComposite">1</P>
      <P Name="IsClientServer">0</P>
    </List>
    <P Name="VectorParamsAs1DForOutWhenUnconnected">off</P>
  </Block>
  <Block BlockType="Outport" Name="Out Bus Element3" SID="2521">
    <P Name="Position">[320, 210, 330, 220]</P>
    <P Name="ZOrder">22</P>
    <P Name="ForegroundColor">red</P>
    <P Name="ShowName">off</P>
    <List ListType="InterfaceData">
      <P Name="Version">0</P>
      <P Name="PortNumber">1</P>
      <P Name="PortName">sensordata_datin</P>
      <P Name="Element">p</P>
      <P Name="PortBlockIndex">4</P>
      <P Name="IsComposite">1</P>
      <P Name="IsClientServer">0</P>
    </List>
    <P Name="VectorParamsAs1DForOutWhenUnconnected">off</P>
  </Block>
  <Block BlockType="Outport" Name="Out Bus Element4" SID="2522">
    <P Name="Position">[320, 240, 330, 250]</P>
    <P Name="ZOrder">22</P>
    <P Name="ForegroundColor">red</P>
    <P Name="ShowName">off</P>
    <List ListType="InterfaceData">
      <P Name="Version">0</P>
      <P Name="PortNumber">1</P>
      <P Name="PortName">sensordata_datin</P>
      <P Name="Element">q</P>
      <P Name="PortBlockIndex">5</P>
      <P Name="IsComposite">1</P>
      <P Name="IsClientServer">0</P>
    </List>
    <P Name="VectorParamsAs1DForOutWhenUnconnected">off</P>
  </Block>
  <Block BlockType="Outport" Name="Out Bus Element5" SID="2523">
    <P Name="Position">[320, 270, 330, 280]</P>
    <P Name="ZOrder">22</P>
    <P Name="ForegroundColor">red</P>
    <P Name="ShowName">off</P>
    <List ListType="InterfaceData">
      <P Name="Version">0</P>
      <P Name="PortNumber">1</P>
      <P Name="PortName">sensordata_datin</P>
      <P Name="Element">r</P>
      <P Name="PortBlockIndex">6</P>
      <P Name="IsComposite">1</P>
      <P Name="IsClientServer">0</P>
    </List>
    <P Name="VectorParamsAs1DForOutWhenUnconnected">off</P>
  </Block>
  <Block BlockType="Outport" Name="Out Bus Element6" SID="2524">
    <P Name="Position">[320, 335, 330, 345]</P>
    <P Name="ZOrder">22</P>
    <P Name="ForegroundColor">red</P>
    <P Name="ShowName">off</P>
    <List ListType="InterfaceData">
      <P Name="Version">0</P>
      <P Name="PortNumber">1</P>
      <P Name="PortName">sensordata_datin</P>
      <P Name="Element">altitude_sonar</P>
      <P Name="PortBlockIndex">7</P>
      <P Name="IsComposite">1</P>
      <P Name="IsClientServer">0</P>
    </List>
    <P Name="VectorParamsAs1DForOutWhenUnconnected">off</P>
  </Block>
  <Block BlockType="Outport" Name="Out Bus Element7" SID="2525">
    <P Name="Position">[320, 375, 330, 385]</P>
    <P Name="ZOrder">22</P>
    <P Name="ForegroundColor">red</P>
    <P Name="ShowName">off</P>
    <List ListType="InterfaceData">
      <P Name="Version">0</P>
      <P Name="PortNumber">1</P>
      <P Name="PortName">sensordata_datin</P>
      <P Name="Element">prs</P>
      <P Name="PortBlockIndex">8</P>
      <P Name="IsComposite">1</P>
      <P Name="IsClientServer">0</P>
    </List>
    <P Name="VectorParamsAs1DForOutWhenUnconnected">off</P>
  </Block>
  <Block BlockType="Outport" Name="Out Bus Element8" SID="2526">
    <P Name="Position">[320, 425, 330, 435]</P>
    <P Name="ZOrder">1297</P>
    <P Name="ForegroundColor">red</P>
    <P Name="ShowName">off</P>
    <List ListType="InterfaceData">
      <P Name="Version">0</P>
      <P Name="PortNumber">1</P>
      <P Name="PortName">sensordata_datin</P>
      <P Name="Element">vbat_V</P>
      <P Name="PortBlockIndex">9</P>
      <P Name="IsComposite">1</P>
      <P Name="IsClientServer">0</P>
    </List>
    <P Name="VectorParamsAs1DForOutWhenUnconnected">off</P>
  </Block>
  <Block BlockType="Outport" Name="Out Bus Element9" SID="2527">
    <P Name="Position">[320, 445, 330, 455]</P>
    <P Name="ZOrder">1299</P>
    <P Name="ForegroundColor">red</P>
    <P Name="ShowName">off</P>
    <List ListType="InterfaceData">
      <P Name="Version">0</P>
      <P Name="PortNumber">1</P>
      <P Name="PortName">sensordata_datin</P>
      <P Name="Element">vbat_percentage</P>
      <P Name="PortBlockIndex">10</P>
      <P Name="IsComposite">1</P>
      <P Name="IsClientServer">0</P>
    </List>
    <P Name="VectorParamsAs1DForOutWhenUnconnected">off</P>
  </Block>
  <Block BlockType="Outport" Name="Out1" SID="2528">
    <P Name="Position">[310, 298, 340, 312]</P>
    <P Name="ZOrder">1301</P>
    <P Name="ForegroundColor">red</P>
    <P Name="Port">2</P>
  </Block>
  <Line>
    <P Name="ZOrder">1</P>
    <P Name="Src">2509#out:1</P>
    <P Name="Dst">2515#in:1</P>
  </Line>
  <Line>
    <P Name="ZOrder">2</P>
    <P Name="Src">2508#out:1</P>
    <P Name="Dst">2514#in:1</P>
  </Line>
  <Line>
    <P Name="ZOrder">3</P>
    <P Name="Src">2511#out:1</P>
    <P Name="Dst">2517#in:1</P>
  </Line>
  <Line>
    <P Name="ZOrder">4</P>
    <P Name="Src">2510#out:1</P>
    <P Name="Dst">2516#in:1</P>
  </Line>
  <Line>
    <P Name="Name">&lt;x&gt;</P>
    <P Name="ZOrder">5</P>
    <P Name="Labels">[0, 0]</P>
    <P Name="Src">2515#out:1</P>
    <P Name="Dst">2521#in:1</P>
  </Line>
  <Line>
    <P Name="Name">&lt;z&gt;</P>
    <P Name="ZOrder">6</P>
    <P Name="Labels">[0, 0]</P>
    <P Name="Src">2514#out:3</P>
    <P Name="Dst">2520#in:1</P>
  </Line>
  <Line>
    <P Name="Name">&lt;z&gt;</P>
    <P Name="ZOrder">7</P>
    <P Name="Labels">[0, 0]</P>
    <P Name="Src">2515#out:3</P>
    <P Name="Dst">2523#in:1</P>
  </Line>
  <Line>
    <P Name="Name">&lt;altitude&gt;</P>
    <P Name="ZOrder">8</P>
    <P Name="Labels">[1, 1]</P>
    <P Name="Src">2516#out:1</P>
    <P Name="Dst">2524#in:1</P>
  </Line>
  <Line>
    <P Name="Name">&lt;pressure&gt;</P>
    <P Name="ZOrder">9</P>
    <P Name="Labels">[0, 0]</P>
    <P Name="Src">2517#out:1</P>
    <P Name="Dst">2525#in:1</P>
  </Line>
  <Line>
    <P Name="Name">&lt;y&gt;</P>
    <P Name="ZOrder">10</P>
    <P Name="Labels">[0, 0]</P>
    <P Name="Src">2515#out:2</P>
    <P Name="Dst">2522#in:1</P>
  </Line>
  <Line>
    <P Name="Name">&lt;x&gt;</P>
    <P Name="ZOrder">11</P>
    <P Name="Labels">[0, 0]</P>
    <P Name="Src">2514#out:1</P>
    <P Name="Dst">2518#in:1</P>
  </Line>
  <Line>
    <P Name="Name">&lt;y&gt;</P>
    <P Name="ZOrder">12</P>
    <P Name="Labels">[0, 0]</P>
    <P Name="Src">2514#out:2</P>
    <P Name="Dst">2519#in:1</P>
  </Line>
  <Line>
    <P Name="Name">&lt;vbat_V&gt;</P>
    <P Name="ZOrder">13</P>
    <P Name="Labels">[0, 0]</P>
    <P Name="Src">2513#out:1</P>
    <P Name="Dst">2526#in:1</P>
  </Line>
  <Line>
    <P Name="ZOrder">14</P>
    <P Name="Src">2512#out:1</P>
    <P Name="Dst">2513#in:1</P>
  </Line>
  <Line>
    <P Name="Name">&lt;vbat_percentage&gt;</P>
    <P Name="ZOrder">15</P>
    <P Name="Labels">[1, 1]</P>
    <P Name="Src">2513#out:2</P>
    <P Name="Dst">2527#in:1</P>
  </Line>
  <Line>
    <P Name="Name">&lt;temperature&gt;</P>
    <P Name="ZOrder">16</P>
    <P Name="Labels">[0, 0]</P>
    <P Name="Src">2515#out:4</P>
    <P Name="Dst">2528#in:1</P>
  </Line>
</System>
