<?xml version="1.0" encoding="utf-8"?>
<System>
  <P Name="Location">[2, 9, 1040, 744]</P>
  <P Name="ZoomFactor">289</P>
  <Block BlockType="Inport" Name="yaw_rate" SID="2440">
    <P Name="Position">[110, 103, 140, 117]</P>
    <P Name="ZOrder">-1</P>
    <P Name="ForegroundColor">red</P>
  </Block>
  <Block BlockType="Constant" Name="Constant" SID="2441">
    <P Name="Position">[300, 132, 325, 158]</P>
    <P Name="ZOrder">3</P>
    <P Name="ForegroundColor">magenta</P>
    <P Name="Value">0</P>
    <P Name="OutDataTypeStr">single</P>
  </Block>
  <Block BlockType="DiscreteIntegrator" Name="Discrete-Time&#xA;Integrator" SID="2442">
    <PortCounts in="1" out="1"/>
    <P Name="Position">[220, 92, 255, 128]</P>
    <P Name="ZOrder">1</P>
    <P Name="ForegroundColor">red</P>
    <P Name="InitialConditionSetting">Auto</P>
    <P Name="SampleTime">-1</P>
    <P Name="ICPrevOutput">DiscIntNeverNeededParam</P>
    <P Name="ICPrevScaledInput">DiscIntNeverNeededParam</P>
  </Block>
  <Block BlockType="Outport" Name="yaw" SID="2443">
    <P Name="Position">[360, 103, 390, 117]</P>
    <P Name="ZOrder">-2</P>
    <P Name="ForegroundColor">red</P>
  </Block>
  <Block BlockType="Outport" Name="gyro_z_bias" SID="2444">
    <P Name="Position">[360, 138, 390, 152]</P>
    <P Name="ZOrder">2</P>
    <P Name="ForegroundColor">magenta</P>
    <P Name="Port">2</P>
  </Block>
  <Line>
    <P Name="ZOrder">1</P>
    <P Name="Src">2440#out:1</P>
    <P Name="Dst">2442#in:1</P>
  </Line>
  <Line>
    <P Name="ZOrder">2</P>
    <P Name="Src">2442#out:1</P>
    <P Name="Dst">2443#in:1</P>
  </Line>
  <Line>
    <P Name="ZOrder">3</P>
    <P Name="Src">2441#out:1</P>
    <P Name="Dst">2444#in:1</P>
  </Line>
  <Annotation SID="2446">
    <P Name="Name">Yaw angle is not constrained between -180 to 180 degrees</P>
    <P Name="Position">[86, 57, 347, 72]</P>
    <P Name="InternalMargins">[0, 0, 0, 0]</P>
    <P Name="HorizontalAlignment">left</P>
    <P Name="VerticalAlignment">top</P>
    <P Name="ZOrder">-1</P>
  </Annotation>
  <Annotation SID="2445">
    <P Name="Name">Currently yaw angle is obtained solely by integrating the gyroscope output.
This yaw estimate can drift with time. </P>
    <P Name="Position">[86, 185, 416, 213]</P>
    <P Name="InternalMargins">[0, 0, 0, 0]</P>
    <P Name="HorizontalAlignment">left</P>
    <P Name="VerticalAlignment">top</P>
    <P Name="ZOrder">-2</P>
  </Annotation>
</System>
