<?xml version="1.0" encoding="utf-8"?>
<System>
  <P Name="Location">[2, 9, 1040, 744]</P>
  <P Name="ZoomFactor">58</P>
  <Block BlockType="Inport" Name="states_estim" SID="2150">
    <P Name="Position">[20, 98, 50, 112]</P>
    <P Name="ZOrder">1358</P>
  </Block>
  <Block BlockType="Inport" Name="Alt_prs" SID="2151">
    <P Name="Position">[5, 528, 35, 542]</P>
    <P Name="ZOrder">5499</P>
    <P Name="Port">2</P>
  </Block>
  <Block BlockType="Inport" Name="Sensors" SID="2152">
    <P Name="Position">[20, 213, 50, 227]</P>
    <P Name="ZOrder">1367</P>
    <P Name="Port">3</P>
    <PortProperties>
      <Port Type="out" Index="1">
        <P Name="PropagatedSignals">sensors</P>
      </Port>
    </PortProperties>
  </Block>
  <Block BlockType="Constant" Name=" " SID="2153">
    <P Name="Position">[220, 385, 250, 415]</P>
    <P Name="ZOrder">5486</P>
    <P Name="Value">0</P>
  </Block>
  <Block BlockType="Product" Name="  " SID="2154">
    <PortCounts in="2" out="1"/>
    <P Name="Position">[580, 347, 610, 378]</P>
    <P Name="ZOrder">5477</P>
    <P Name="Inputs">**</P>
  </Block>
  <Block BlockType="DataTypeConversion" Name="   " SID="2155">
    <P Name="Position">[465, 340, 525, 370]</P>
    <P Name="ZOrder">5481</P>
    <P Name="RndMeth">Floor</P>
    <P Name="SaturateOnIntegerOverflow">off</P>
  </Block>
  <Block BlockType="Constant" Name="    " SID="2156">
    <P Name="Position">[155, 540, 185, 570]</P>
    <P Name="ZOrder">5507</P>
    <P Name="Value">0</P>
    <P Name="OutDataTypeStr">single</P>
  </Block>
  <Block BlockType="Switch" Name="         " SID="2157">
    <P Name="Position">[220, 470, 270, 510]</P>
    <P Name="ZOrder">5506</P>
    <P Name="Criteria">u2 &gt; Threshold</P>
    <P Name="InputSameDT">off</P>
    <P Name="SaturateOnIntegerOverflow">off</P>
  </Block>
  <Block BlockType="Constant" Name="0.5 meters" SID="2158">
    <P Name="Position">[365, 540, 395, 570]</P>
    <P Name="ZOrder">5503</P>
    <P Name="Value">0.5</P>
  </Block>
  <Block BlockType="Reference" Name="50 continuous &#xA;OF errors " SID="2159">
    <PortCounts in="1" out="1"/>
    <P Name="Position">[750, 315, 780, 345]</P>
    <P Name="ZOrder">5478</P>
    <P Name="LibraryVersion">7.6</P>
    <P Name="SourceBlock">simulink/Logic and Bit
Operations/Compare
To Constant</P>
    <P Name="SourceType">Compare To Constant</P>
    <InstanceData>
      <P Name="RTWMemSecFuncInitTerm">Inherit from model</P>
      <P Name="RTWMemSecFuncExecute">Inherit from model</P>
      <P Name="RTWMemSecDataConstants">Inherit from model</P>
      <P Name="RTWMemSecDataInternal">Inherit from model</P>
      <P Name="RTWMemSecDataParameters">Inherit from model</P>
      <P Name="ContentPreviewEnabled">on</P>
      <P Name="relop">&gt;</P>
      <P Name="const">50</P>
      <P Name="OutDataTypeStr">boolean</P>
      <P Name="ZeroCross">on</P>
    </InstanceData>
  </Block>
  <Block BlockType="Abs" Name="Abs" SID="2160">
    <P Name="Position">[155, 30, 185, 60]</P>
    <P Name="ZOrder">1365</P>
    <P Name="ShowName">off</P>
    <P Name="SaturateOnIntegerOverflow">off</P>
  </Block>
  <Block BlockType="Abs" Name="Abs  " SID="2161">
    <P Name="Position">[365, 475, 395, 505]</P>
    <P Name="ZOrder">5502</P>
    <P Name="SaturateOnIntegerOverflow">off</P>
  </Block>
  <Block BlockType="Abs" Name="Abs1" SID="2162">
    <P Name="Position">[155, 70, 185, 100]</P>
    <P Name="ZOrder">1366</P>
    <P Name="ShowName">off</P>
    <P Name="SaturateOnIntegerOverflow">off</P>
  </Block>
  <Block BlockType="Abs" Name="Abs2" SID="2163">
    <P Name="Position">[670, 115, 700, 145]</P>
    <P Name="ZOrder">1375</P>
    <P Name="ShowName">off</P>
    <P Name="SaturateOnIntegerOverflow">off</P>
  </Block>
  <Block BlockType="Abs" Name="Abs3" SID="2164">
    <P Name="Position">[625, 195, 655, 225]</P>
    <P Name="ZOrder">1376</P>
    <P Name="ShowName">off</P>
    <P Name="SaturateOnIntegerOverflow">off</P>
  </Block>
  <Block BlockType="Abs" Name="Abs4" SID="2165">
    <P Name="Position">[415, 75, 445, 105]</P>
    <P Name="ZOrder">1383</P>
    <P Name="ShowName">off</P>
    <P Name="SaturateOnIntegerOverflow">off</P>
  </Block>
  <Block BlockType="Abs" Name="Abs5" SID="2166">
    <P Name="Position">[515, 235, 545, 265]</P>
    <P Name="ZOrder">1384</P>
    <P Name="ShowName">off</P>
    <P Name="SaturateOnIntegerOverflow">off</P>
  </Block>
  <Block BlockType="Sum" Name="Add" SID="2167">
    <PortCounts in="2" out="1"/>
    <P Name="Position">[665, 312, 695, 343]</P>
    <P Name="ZOrder">5474</P>
    <P Name="IconShape">rectangular</P>
  </Block>
  <Block BlockType="BusSelector" Name="Bus&#xA;Selector" SID="2168">
    <PortCounts in="1" out="1"/>
    <P Name="Position">[155, 201, 160, 239]</P>
    <P Name="ZOrder">1368</P>
    <P Name="ShowName">off</P>
    <P Name="OutputSignals">opticalFlow_data</P>
    <PortProperties>
      <Port Type="out" Index="1">
        <P Name="Name">&lt;opticalFlow_data&gt;</P>
      </Port>
    </PortProperties>
  </Block>
  <Block BlockType="BusSelector" Name="Bus&#xA;Selector1" SID="2169">
    <PortCounts in="1" out="1"/>
    <P Name="Position">[70, 193, 75, 247]</P>
    <P Name="ZOrder">5461</P>
    <P Name="ShowName">off</P>
    <P Name="OutputSignals">VisionSensors</P>
    <PortProperties>
      <Port Type="out" Index="1">
        <P Name="Name">&lt;VisionSensors&gt;</P>
      </Port>
    </PortProperties>
  </Block>
  <Block BlockType="BusSelector" Name="Bus&#xA;Selector2" SID="2170">
    <PortCounts in="1" out="1"/>
    <P Name="Position">[55, 438, 60, 492]</P>
    <P Name="ZOrder">5509</P>
    <P Name="ShowName">off</P>
    <P Name="OutputSignals">Z</P>
    <PortProperties>
      <Port Type="out" Index="1">
        <P Name="Name">&lt;Z&gt;</P>
      </Port>
    </PortProperties>
  </Block>
  <Block BlockType="BusSelector" Name="Bus&#xA;Selector4" SID="2171">
    <PortCounts in="1" out="4"/>
    <P Name="Position">[115, 23, 120, 187]</P>
    <P Name="ZOrder">1357</P>
    <P Name="ShowName">off</P>
    <P Name="OutputSignals">X,Y,dx,dy</P>
    <PortProperties>
      <Port Type="out" Index="1">
        <P Name="Name">&lt;X&gt;</P>
      </Port>
      <Port Type="out" Index="2">
        <P Name="Name">&lt;Y&gt;</P>
      </Port>
      <Port Type="out" Index="3">
        <P Name="Name">&lt;dx&gt;</P>
      </Port>
      <Port Type="out" Index="4">
        <P Name="Name">&lt;dy&gt;</P>
      </Port>
    </PortProperties>
  </Block>
  <Block BlockType="Reference" Name="Check error&#xA;condition" SID="2172">
    <PortCounts in="1" out="1"/>
    <P Name="Position">[395, 340, 425, 370]</P>
    <P Name="ZOrder">5476</P>
    <P Name="LibraryVersion">7.6</P>
    <P Name="SourceBlock">simulink/Logic and Bit
Operations/Compare
To Constant</P>
    <P Name="SourceType">Compare To Constant</P>
    <InstanceData>
      <P Name="RTWMemSecFuncInitTerm">Inherit from model</P>
      <P Name="RTWMemSecFuncExecute">Inherit from model</P>
      <P Name="RTWMemSecDataConstants">Inherit from model</P>
      <P Name="RTWMemSecDataInternal">Inherit from model</P>
      <P Name="RTWMemSecDataParameters">Inherit from model</P>
      <P Name="ContentPreviewEnabled">on</P>
      <P Name="relop">==</P>
      <P Name="const">-1</P>
      <P Name="OutDataTypeStr">boolean</P>
      <P Name="ZeroCross">on</P>
    </InstanceData>
  </Block>
  <Block BlockType="Reference" Name="Compare&#xA;To Constant" SID="2173">
    <PortCounts in="1" out="1"/>
    <P Name="Position">[210, 30, 240, 60]</P>
    <P Name="ZOrder">1361</P>
    <P Name="ShowName">off</P>
    <P Name="LibraryVersion">7.6</P>
    <P Name="SourceBlock">simulink/Logic and Bit
Operations/Compare
To Constant</P>
    <P Name="SourceType">Compare To Constant</P>
    <InstanceData>
      <P Name="RTWMemSecFuncInitTerm">Inherit from model</P>
      <P Name="RTWMemSecFuncExecute">Inherit from model</P>
      <P Name="RTWMemSecDataConstants">Inherit from model</P>
      <P Name="RTWMemSecDataInternal">Inherit from model</P>
      <P Name="RTWMemSecDataParameters">Inherit from model</P>
      <P Name="ContentPreviewEnabled">off</P>
      <P Name="relop">&gt;</P>
      <P Name="const">10.0</P>
      <P Name="OutDataTypeStr">boolean</P>
      <P Name="ZeroCross">on</P>
    </InstanceData>
  </Block>
  <Block BlockType="Reference" Name="Compare&#xA;To Constant1" SID="2174">
    <PortCounts in="1" out="1"/>
    <P Name="Position">[210, 70, 240, 100]</P>
    <P Name="ZOrder">1362</P>
    <P Name="ShowName">off</P>
    <P Name="LibraryVersion">7.6</P>
    <P Name="SourceBlock">simulink/Logic and Bit
Operations/Compare
To Constant</P>
    <P Name="SourceType">Compare To Constant</P>
    <InstanceData>
      <P Name="RTWMemSecFuncInitTerm">Inherit from model</P>
      <P Name="RTWMemSecFuncExecute">Inherit from model</P>
      <P Name="RTWMemSecDataConstants">Inherit from model</P>
      <P Name="RTWMemSecDataInternal">Inherit from model</P>
      <P Name="RTWMemSecDataParameters">Inherit from model</P>
      <P Name="ContentPreviewEnabled">off</P>
      <P Name="relop">&gt;</P>
      <P Name="const">10.0</P>
      <P Name="OutDataTypeStr">boolean</P>
      <P Name="ZeroCross">on</P>
    </InstanceData>
  </Block>
  <Block BlockType="Reference" Name="Compare&#xA;To Constant2" SID="2175">
    <PortCounts in="1" out="1"/>
    <P Name="Position">[725, 115, 755, 145]</P>
    <P Name="ZOrder">1377</P>
    <P Name="ShowName">off</P>
    <P Name="LibraryVersion">7.6</P>
    <P Name="SourceBlock">simulink/Logic and Bit
Operations/Compare
To Constant</P>
    <P Name="SourceType">Compare To Constant</P>
    <InstanceData>
      <P Name="RTWMemSecFuncInitTerm">Inherit from model</P>
      <P Name="RTWMemSecFuncExecute">Inherit from model</P>
      <P Name="RTWMemSecDataConstants">Inherit from model</P>
      <P Name="RTWMemSecDataInternal">Inherit from model</P>
      <P Name="RTWMemSecDataParameters">Inherit from model</P>
      <P Name="ContentPreviewEnabled">off</P>
      <P Name="relop">&gt;</P>
      <P Name="const">6.0</P>
      <P Name="OutDataTypeStr">boolean</P>
      <P Name="ZeroCross">on</P>
    </InstanceData>
  </Block>
  <Block BlockType="Reference" Name="Compare&#xA;To Constant3" SID="2176">
    <PortCounts in="1" out="1"/>
    <P Name="Position">[680, 195, 710, 225]</P>
    <P Name="ZOrder">1378</P>
    <P Name="ShowName">off</P>
    <P Name="LibraryVersion">7.6</P>
    <P Name="SourceBlock">simulink/Logic and Bit
Operations/Compare
To Constant</P>
    <P Name="SourceType">Compare To Constant</P>
    <InstanceData>
      <P Name="RTWMemSecFuncInitTerm">Inherit from model</P>
      <P Name="RTWMemSecFuncExecute">Inherit from model</P>
      <P Name="RTWMemSecDataConstants">Inherit from model</P>
      <P Name="RTWMemSecDataInternal">Inherit from model</P>
      <P Name="RTWMemSecDataParameters">Inherit from model</P>
      <P Name="ContentPreviewEnabled">off</P>
      <P Name="relop">&gt;</P>
      <P Name="const">6.0</P>
      <P Name="OutDataTypeStr">boolean</P>
      <P Name="ZeroCross">on</P>
    </InstanceData>
  </Block>
  <Block BlockType="Reference" Name="Compare&#xA;To Constant4" SID="2177">
    <PortCounts in="1" out="1"/>
    <P Name="Position">[470, 75, 500, 105]</P>
    <P Name="ZOrder">1379</P>
    <P Name="ShowName">off</P>
    <P Name="LibraryVersion">7.6</P>
    <P Name="SourceBlock">simulink/Logic and Bit
Operations/Compare
To Constant</P>
    <P Name="SourceType">Compare To Constant</P>
    <InstanceData>
      <P Name="RTWMemSecFuncInitTerm">Inherit from model</P>
      <P Name="RTWMemSecFuncExecute">Inherit from model</P>
      <P Name="RTWMemSecDataConstants">Inherit from model</P>
      <P Name="RTWMemSecDataInternal">Inherit from model</P>
      <P Name="RTWMemSecDataParameters">Inherit from model</P>
      <P Name="ContentPreviewEnabled">off</P>
      <P Name="relop">&gt;</P>
      <P Name="const">0.01</P>
      <P Name="OutDataTypeStr">boolean</P>
      <P Name="ZeroCross">on</P>
    </InstanceData>
  </Block>
  <Block BlockType="Reference" Name="Compare&#xA;To Constant5" SID="2178">
    <PortCounts in="1" out="1"/>
    <P Name="Position">[625, 235, 655, 265]</P>
    <P Name="ZOrder">1380</P>
    <P Name="ShowName">off</P>
    <P Name="LibraryVersion">7.6</P>
    <P Name="SourceBlock">simulink/Logic and Bit
Operations/Compare
To Constant</P>
    <P Name="SourceType">Compare To Constant</P>
    <InstanceData>
      <P Name="RTWMemSecFuncInitTerm">Inherit from model</P>
      <P Name="RTWMemSecFuncExecute">Inherit from model</P>
      <P Name="RTWMemSecDataConstants">Inherit from model</P>
      <P Name="RTWMemSecDataInternal">Inherit from model</P>
      <P Name="RTWMemSecDataParameters">Inherit from model</P>
      <P Name="ContentPreviewEnabled">off</P>
      <P Name="relop">&gt;</P>
      <P Name="const">0.01</P>
      <P Name="OutDataTypeStr">boolean</P>
      <P Name="ZeroCross">on</P>
    </InstanceData>
  </Block>
  <Block BlockType="Reference" Name="Counter&#xA;Free-Running" SID="2179">
    <PortCounts out="1"/>
    <P Name="Position">[20, 295, 50, 325]</P>
    <P Name="ZOrder">5482</P>
    <P Name="LibraryVersion">7.6</P>
    <P Name="SourceBlock">simulink/Sources/Counter
Free-Running</P>
    <P Name="SourceType">Counter Free-Running</P>
    <InstanceData>
      <P Name="RTWMemSecFuncInitTerm">Inherit from model</P>
      <P Name="RTWMemSecFuncExecute">Inherit from model</P>
      <P Name="RTWMemSecDataConstants">Inherit from model</P>
      <P Name="RTWMemSecDataInternal">Inherit from model</P>
      <P Name="RTWMemSecDataParameters">Inherit from model</P>
      <P Name="ContentPreviewEnabled">on</P>
      <P Name="NumBits">32</P>
      <P Name="tsamp">-1</P>
    </InstanceData>
  </Block>
  <Block BlockType="DataTypeConversion" Name="Data Type Conversion" SID="2180">
    <P Name="Position">[895, 30, 935, 50]</P>
    <P Name="ZOrder">5471</P>
    <P Name="ShowName">off</P>
    <P Name="OutDataTypeStr">uint8</P>
    <P Name="RndMeth">Nearest</P>
    <P Name="SaturateOnIntegerOverflow">off</P>
  </Block>
  <Block BlockType="DataTypeConversion" Name="Data Type Conversion1" SID="2181">
    <P Name="Position">[895, 60, 935, 80]</P>
    <P Name="ZOrder">5472</P>
    <P Name="ShowName">off</P>
    <P Name="OutDataTypeStr">uint8</P>
    <P Name="RndMeth">Nearest</P>
    <P Name="SaturateOnIntegerOverflow">off</P>
  </Block>
  <Block BlockType="DataTypeConversion" Name="Data Type Conversion2" SID="2182">
    <P Name="Position">[815, 320, 855, 340]</P>
    <P Name="ZOrder">5479</P>
    <P Name="ShowName">off</P>
    <P Name="OutDataTypeStr">uint8</P>
    <P Name="RndMeth">Nearest</P>
    <P Name="SaturateOnIntegerOverflow">off</P>
  </Block>
  <Block BlockType="DataTypeConversion" Name="Data Type Conversion4" SID="2183">
    <P Name="Position">[535, 490, 575, 510]</P>
    <P Name="ZOrder">5505</P>
    <P Name="ShowName">off</P>
    <P Name="OutDataTypeStr">uint8</P>
    <P Name="RndMeth">Nearest</P>
    <P Name="SaturateOnIntegerOverflow">off</P>
  </Block>
  <Block BlockType="Delay" Name="Delay One Step" SID="2184">
    <PortCounts in="1" out="1"/>
    <P Name="Position">[650, 383, 685, 417]</P>
    <P Name="ZOrder">5473</P>
    <P Name="BlockMirror">on</P>
    <P Name="InputPortMap">u0</P>
    <P Name="DelayLength">1</P>
  </Block>
  <Block BlockType="Demux" Name="Demux" SID="2185">
    <PortCounts in="1" out="3"/>
    <P Name="Position">[270, 172, 275, 268]</P>
    <P Name="ZOrder">1370</P>
    <P Name="ShowName">off</P>
    <P Name="Outputs">3</P>
    <PortProperties>
      <Port Type="out" Index="1">
        <P Name="Name">dx_OF</P>
      </Port>
      <Port Type="out" Index="2">
        <P Name="Name">dy_OF</P>
      </Port>
      <Port Type="out" Index="3">
        <P Name="Name">OF_status</P>
      </Port>
    </PortProperties>
  </Block>
  <Block BlockType="Sum" Name="Difference between &#xA;sonar and pressure" SID="2186">
    <PortCounts in="2" out="1"/>
    <P Name="Position">[130, 457, 160, 488]</P>
    <P Name="ZOrder">5500</P>
    <P Name="IconShape">rectangular</P>
    <P Name="Inputs">+-</P>
  </Block>
  <Block BlockType="Gain" Name="Gain" SID="2187">
    <P Name="Position">[380, 129, 590, 161]</P>
    <P Name="ZOrder">1371</P>
    <P Name="ShowName">off</P>
    <P Name="Gain">Estimator.pos.visDeltaXYMax</P>
  </Block>
  <Block BlockType="Gain" Name="Gain1" SID="2188">
    <P Name="Position">[355, 205, 560, 235]</P>
    <P Name="ZOrder">1372</P>
    <P Name="ShowName">off</P>
    <P Name="Gain">Estimator.pos.visDeltaXYMax</P>
  </Block>
  <Block BlockType="SubSystem" Name="Geofencing error" SID="2189">
    <PortCounts out="1" ifaction="1"/>
    <P Name="Position">[1315, 52, 1385, 88]</P>
    <P Name="ZOrder">5467</P>
    <P Name="TreatAsAtomicUnit">on</P>
    <System Ref="system_2189"/>
  </Block>
  <Block BlockType="RelationalOperator" Name="GreaterThan" SID="2193">
    <PortCounts in="2" out="1"/>
    <P Name="Position">[115, 337, 145, 368]</P>
    <P Name="ZOrder">5483</P>
    <P Name="Operator">&gt;</P>
    <P Name="InputSameDT">off</P>
    <P Name="OutDataTypeStr">boolean</P>
    <P Name="RndMeth">Simplest</P>
  </Block>
  <Block BlockType="RelationalOperator" Name="GreaterThan  " SID="2194">
    <PortCounts in="2" out="1"/>
    <P Name="Position">[455, 482, 485, 513]</P>
    <P Name="ZOrder">5501</P>
    <P Name="NameLocation">top</P>
    <P Name="Operator">&gt;</P>
    <P Name="InputSameDT">off</P>
    <P Name="OutDataTypeStr">boolean</P>
    <P Name="RndMeth">Simplest</P>
  </Block>
  <Block BlockType="If" Name="If" SID="2195">
    <PortCounts in="4" out="5"/>
    <P Name="Position">[995, 32, 1105, 108]</P>
    <P Name="ZOrder">5466</P>
    <P Name="NumInputs">4</P>
    <P Name="ElseIfExpressions">u2 &gt; 0, u3&gt; 0,u4&gt;0</P>
  </Block>
  <Block BlockType="Logic" Name="Logical&#xA;Operator" SID="2196">
    <PortCounts in="2" out="1"/>
    <P Name="Position">[270, 26, 295, 104]</P>
    <P Name="ZOrder">1363</P>
    <P Name="ShowName">off</P>
    <P Name="Operator">OR</P>
    <P Name="AllPortsSameDT">off</P>
  </Block>
  <Block BlockType="Logic" Name="Logical&#xA;Operator1" SID="2197">
    <PortCounts in="2" out="1"/>
    <P Name="Position">[775, 69, 805, 151]</P>
    <P Name="ZOrder">1385</P>
    <P Name="ShowName">off</P>
    <P Name="AllPortsSameDT">off</P>
    <P Name="OutDataTypeStr">boolean</P>
  </Block>
  <Block BlockType="Logic" Name="Logical&#xA;Operator2" SID="2198">
    <PortCounts in="2" out="1"/>
    <P Name="Position">[775, 189, 805, 271]</P>
    <P Name="ZOrder">1386</P>
    <P Name="ShowName">off</P>
    <P Name="AllPortsSameDT">off</P>
    <P Name="OutDataTypeStr">boolean</P>
  </Block>
  <Block BlockType="Logic" Name="Logical&#xA;Operator3" SID="2199">
    <PortCounts in="2" out="1"/>
    <P Name="Position">[845, 69, 870, 311]</P>
    <P Name="ZOrder">1387</P>
    <P Name="ShowName">off</P>
    <P Name="Operator">OR</P>
    <P Name="AllPortsSameDT">off</P>
  </Block>
  <Block BlockType="Merge" Name="Merge" SID="2200">
    <PortCounts in="5" out="1"/>
    <P Name="Position">[1465, 136, 1505, 314]</P>
    <P Name="ZOrder">5470</P>
    <P Name="Inputs">5</P>
    <P Name="InitialOutput">0</P>
  </Block>
  <Block BlockType="SubSystem" Name="No optical flow " SID="2201">
    <PortCounts out="1" ifaction="1"/>
    <P Name="Position">[1175, 162, 1245, 198]</P>
    <P Name="ZOrder">5480</P>
    <P Name="TreatAsAtomicUnit">on</P>
    <System Ref="system_2201"/>
  </Block>
  <Block BlockType="SubSystem" Name="Normal condition" SID="2205">
    <PortCounts out="1" ifaction="1"/>
    <P Name="Position">[1060, 307, 1130, 343]</P>
    <P Name="ZOrder">5469</P>
    <P Name="TreatAsAtomicUnit">on</P>
    <System Ref="system_2205"/>
  </Block>
  <Block BlockType="Sum" Name="Subtract" SID="2209">
    <PortCounts in="2" out="1"/>
    <P Name="Position">[625, 114, 655, 156]</P>
    <P Name="ZOrder">1373</P>
    <P Name="ShowName">off</P>
    <P Name="IconShape">rectangular</P>
    <P Name="Inputs">-+</P>
  </Block>
  <Block BlockType="Sum" Name="Subtract1" SID="2210">
    <PortCounts in="2" out="1"/>
    <P Name="Position">[570, 192, 600, 228]</P>
    <P Name="ZOrder">1374</P>
    <P Name="ShowName">off</P>
    <P Name="IconShape">rectangular</P>
    <P Name="Inputs">-+</P>
  </Block>
  <Block BlockType="Switch" Name="Switch" SID="2211">
    <P Name="Position">[305, 335, 355, 375]</P>
    <P Name="ZOrder">5485</P>
    <P Name="Criteria">u2 &gt; Threshold</P>
    <P Name="InputSameDT">off</P>
    <P Name="SaturateOnIntegerOverflow">off</P>
  </Block>
  <Block BlockType="SubSystem" Name="Ultrasound improper" SID="2212">
    <PortCounts out="1" ifaction="1"/>
    <P Name="Position">[1130, 237, 1200, 273]</P>
    <P Name="ZOrder">5510</P>
    <P Name="TreatAsAtomicUnit">on</P>
    <System Ref="system_2212"/>
  </Block>
  <Block BlockType="Constant" Name="Wait  3 Seconds" SID="2216">
    <P Name="Position">[20, 370, 50, 400]</P>
    <P Name="ZOrder">5484</P>
    <P Name="Value">200*3</P>
  </Block>
  <Block BlockType="SubSystem" Name="estimator/Optical&#xA;flow error" SID="2217">
    <PortCounts out="1" ifaction="1"/>
    <P Name="Position">[1240, 102, 1310, 138]</P>
    <P Name="ZOrder">5468</P>
    <P Name="TreatAsAtomicUnit">on</P>
    <System Ref="system_2217"/>
  </Block>
  <Block BlockType="InportShadow" Name="states_estim1" SID="2221">
    <P Name="Position">[5, 458, 35, 472]</P>
    <P Name="ZOrder">5508</P>
  </Block>
  <Block BlockType="Outport" Name="Flag" SID="2222">
    <P Name="Position">[1590, 218, 1620, 232]</P>
    <P Name="ZOrder">1364</P>
    <P Name="VectorParamsAs1DForOutWhenUnconnected">off</P>
  </Block>
  <Line>
    <P Name="Name">&lt;X&gt;</P>
    <P Name="ZOrder">1</P>
    <P Name="Labels">[0, 0]</P>
    <P Name="Src">2171#out:1</P>
    <P Name="Dst">2160#in:1</P>
  </Line>
  <Line>
    <P Name="ZOrder">2</P>
    <P Name="Src">2150#out:1</P>
    <P Name="Dst">2171#in:1</P>
  </Line>
  <Line>
    <P Name="Name">&lt;Y&gt;</P>
    <P Name="ZOrder">3</P>
    <P Name="Labels">[0, 0]</P>
    <P Name="Src">2171#out:2</P>
    <P Name="Dst">2162#in:1</P>
  </Line>
  <Line>
    <P Name="ZOrder">4</P>
    <P Name="Src">2173#out:1</P>
    <P Name="Dst">2196#in:1</P>
  </Line>
  <Line>
    <P Name="ZOrder">5</P>
    <P Name="Src">2174#out:1</P>
    <P Name="Dst">2196#in:2</P>
  </Line>
  <Line>
    <P Name="ZOrder">6</P>
    <P Name="Src">2160#out:1</P>
    <P Name="Dst">2173#in:1</P>
  </Line>
  <Line>
    <P Name="ZOrder">7</P>
    <P Name="Src">2162#out:1</P>
    <P Name="Dst">2174#in:1</P>
  </Line>
  <Line>
    <P Name="ZOrder">8</P>
    <P Name="Src">2196#out:1</P>
    <P Name="Points">[210, 0; 0, -25]</P>
    <P Name="Dst">2180#in:1</P>
  </Line>
  <Line>
    <P Name="Name">&lt;opticalFlow_data&gt;</P>
    <P Name="ZOrder">9</P>
    <P Name="Labels">[0, 0]</P>
    <P Name="Src">2168#out:1</P>
    <P Name="Dst">2185#in:1</P>
  </Line>
  <Line>
    <P Name="Name">dx_OF</P>
    <P Name="ZOrder">10</P>
    <P Name="Labels">[1, 1]</P>
    <P Name="Src">2185#out:1</P>
    <P Name="Points">[41, 0; 0, -45]</P>
    <Branch>
      <P Name="ZOrder">77</P>
      <P Name="Points">[-14, 0; 0, -55]</P>
      <P Name="Dst">2165#in:1</P>
    </Branch>
    <Branch>
      <P Name="ZOrder">12</P>
      <P Name="Dst">2187#in:1</P>
    </Branch>
  </Line>
  <Line>
    <P Name="Name">dy_OF</P>
    <P Name="ZOrder">13</P>
    <P Name="Labels">[1, 1]</P>
    <P Name="Src">2185#out:2</P>
    <P Name="Points">[48, 0]</P>
    <Branch>
      <P Name="ZOrder">14</P>
      <P Name="Dst">2188#in:1</P>
    </Branch>
    <Branch>
      <P Name="ZOrder">15</P>
      <P Name="Points">[0, 30]</P>
      <P Name="Dst">2166#in:1</P>
    </Branch>
  </Line>
  <Line>
    <P Name="Name">&lt;dx&gt;</P>
    <P Name="ZOrder">16</P>
    <P Name="Labels">[0, 0]</P>
    <P Name="Src">2171#out:3</P>
    <P Name="Dst">2209#in:1</P>
  </Line>
  <Line>
    <P Name="ZOrder">17</P>
    <P Name="Src">2209#out:1</P>
    <P Name="Points">[3, 0; 0, -5]</P>
    <P Name="Dst">2163#in:1</P>
  </Line>
  <Line>
    <P Name="ZOrder">18</P>
    <P Name="Src">2210#out:1</P>
    <P Name="Dst">2164#in:1</P>
  </Line>
  <Line>
    <P Name="ZOrder">19</P>
    <P Name="Src">2163#out:1</P>
    <P Name="Dst">2175#in:1</P>
  </Line>
  <Line>
    <P Name="ZOrder">20</P>
    <P Name="Src">2164#out:1</P>
    <P Name="Dst">2176#in:1</P>
  </Line>
  <Line>
    <P Name="ZOrder">21</P>
    <P Name="Src">2178#out:1</P>
    <P Name="Dst">2198#in:2</P>
  </Line>
  <Line>
    <P Name="ZOrder">22</P>
    <P Name="Src">2165#out:1</P>
    <P Name="Dst">2177#in:1</P>
  </Line>
  <Line>
    <P Name="ZOrder">23</P>
    <P Name="Src">2166#out:1</P>
    <P Name="Dst">2178#in:1</P>
  </Line>
  <Line>
    <P Name="ZOrder">24</P>
    <P Name="Src">2176#out:1</P>
    <P Name="Dst">2198#in:1</P>
  </Line>
  <Line>
    <P Name="ZOrder">25</P>
    <P Name="Src">2197#out:1</P>
    <P Name="Points">[20, 0]</P>
    <P Name="Dst">2199#in:1</P>
  </Line>
  <Line>
    <P Name="ZOrder">26</P>
    <P Name="Src">2198#out:1</P>
    <P Name="Points">[10, 0; 0, 20]</P>
    <P Name="Dst">2199#in:2</P>
  </Line>
  <Line>
    <P Name="ZOrder">27</P>
    <P Name="Src">2199#out:1</P>
    <P Name="Points">[5, 0]</P>
    <P Name="Dst">2181#in:1</P>
  </Line>
  <Line>
    <P Name="ZOrder">28</P>
    <P Name="Src">2187#out:1</P>
    <P Name="Dst">2209#in:2</P>
  </Line>
  <Line>
    <P Name="Name">&lt;dy&gt;</P>
    <P Name="ZOrder">29</P>
    <P Name="Labels">[0, 0]</P>
    <P Name="Src">2171#out:4</P>
    <P Name="Points">[430, 0]</P>
    <P Name="Dst">2210#in:1</P>
  </Line>
  <Line>
    <P Name="ZOrder">30</P>
    <P Name="Src">2188#out:1</P>
    <P Name="Dst">2210#in:2</P>
  </Line>
  <Line>
    <P Name="ZOrder">31</P>
    <P Name="Src">2177#out:1</P>
    <P Name="Dst">2197#in:1</P>
  </Line>
  <Line>
    <P Name="ZOrder">32</P>
    <P Name="Src">2175#out:1</P>
    <P Name="Dst">2197#in:2</P>
  </Line>
  <Line>
    <P Name="ZOrder">33</P>
    <P Name="Src">2152#out:1</P>
    <P Name="Dst">2169#in:1</P>
  </Line>
  <Line>
    <P Name="Name">&lt;VisionSensors&gt;</P>
    <P Name="ZOrder">34</P>
    <P Name="Labels">[0, 0]</P>
    <P Name="Src">2169#out:1</P>
    <P Name="Dst">2168#in:1</P>
  </Line>
  <Line>
    <P Name="ZOrder">35</P>
    <P Name="Src">2200#out:1</P>
    <P Name="Dst">2222#in:1</P>
  </Line>
  <Line>
    <P Name="ZOrder">36</P>
    <P Name="Src">2195#out:1</P>
    <P Name="Points">[240, 0]</P>
    <P Name="Dst">2189#ifaction</P>
  </Line>
  <Line>
    <P Name="ZOrder">37</P>
    <P Name="Src">2195#out:2</P>
    <P Name="Points">[165, 0]</P>
    <P Name="Dst">2217#ifaction</P>
  </Line>
  <Line>
    <P Name="ZOrder">38</P>
    <P Name="Src">2195#out:5</P>
    <P Name="Points">[0, 192]</P>
    <P Name="Dst">2205#ifaction</P>
  </Line>
  <Line>
    <P Name="ZOrder">39</P>
    <P Name="Src">2189#out:1</P>
    <P Name="Points">[5, 0; 0, 85]</P>
    <P Name="Dst">2200#in:1</P>
  </Line>
  <Line>
    <P Name="ZOrder">40</P>
    <P Name="Src">2217#out:1</P>
    <P Name="Points">[28, 0; 0, 70]</P>
    <P Name="Dst">2200#in:2</P>
  </Line>
  <Line>
    <P Name="ZOrder">41</P>
    <P Name="Src">2205#out:1</P>
    <P Name="Points">[181, 0; 0, -30]</P>
    <P Name="Dst">2200#in:5</P>
  </Line>
  <Line>
    <P Name="ZOrder">42</P>
    <P Name="Src">2180#out:1</P>
    <P Name="Dst">2195#in:1</P>
  </Line>
  <Line>
    <P Name="ZOrder">43</P>
    <P Name="Src">2181#out:1</P>
    <P Name="Points">[25, 0; 0, -10]</P>
    <P Name="Dst">2195#in:2</P>
  </Line>
  <Line>
    <P Name="ZOrder">44</P>
    <P Name="Src">2172#out:1</P>
    <P Name="Dst">2155#in:1</P>
  </Line>
  <Line>
    <P Name="Name">OF_status</P>
    <P Name="ZOrder">45</P>
    <P Name="Labels">[1, 0]</P>
    <P Name="Src">2185#out:3</P>
    <P Name="Points">[0, 90]</P>
    <P Name="Dst">2211#in:1</P>
  </Line>
  <Line>
    <P Name="ZOrder">46</P>
    <P Name="Src">2184#out:1</P>
    <P Name="Points">[-88, 0; 0, -30]</P>
    <P Name="Dst">2154#in:2</P>
  </Line>
  <Line>
    <P Name="ZOrder">47</P>
    <P Name="Src">2167#out:1</P>
    <P Name="Points">[9, 0]</P>
    <Branch>
      <P Name="ZOrder">48</P>
      <P Name="Points">[0, 70]</P>
      <P Name="Dst">2184#in:1</P>
    </Branch>
    <Branch>
      <P Name="ZOrder">49</P>
      <P Name="Dst">2159#in:1</P>
    </Branch>
  </Line>
  <Line>
    <P Name="ZOrder">50</P>
    <P Name="Src">2154#out:1</P>
    <P Name="Points">[23, 0; 0, -30]</P>
    <P Name="Dst">2167#in:2</P>
  </Line>
  <Line>
    <P Name="ZOrder">51</P>
    <P Name="Src">2159#out:1</P>
    <P Name="Dst">2182#in:1</P>
  </Line>
  <Line>
    <P Name="ZOrder">52</P>
    <P Name="Src">2182#out:1</P>
    <P Name="Points">[44, 0; 0, -226; 61, 0; 0, -24]</P>
    <P Name="Dst">2195#in:3</P>
  </Line>
  <Line>
    <P Name="ZOrder">53</P>
    <P Name="Src">2201#out:1</P>
    <P Name="Points">[15, 0; 0, 45]</P>
    <P Name="Dst">2200#in:3</P>
  </Line>
  <Line>
    <P Name="ZOrder">54</P>
    <P Name="Src">2195#out:3</P>
    <P Name="Points">[100, 0]</P>
    <P Name="Dst">2201#ifaction</P>
  </Line>
  <Line>
    <P Name="ZOrder">55</P>
    <P Name="Src">2155#out:1</P>
    <P Name="Points">[26, 0]</P>
    <Branch>
      <P Name="ZOrder">56</P>
      <P Name="Points">[0, -65; 70, 0; 0, 30]</P>
      <P Name="Dst">2167#in:1</P>
    </Branch>
    <Branch>
      <P Name="ZOrder">57</P>
      <P Name="Dst">2154#in:1</P>
    </Branch>
  </Line>
  <Line>
    <P Name="ZOrder">58</P>
    <P Name="Src">2179#out:1</P>
    <P Name="Points">[34, 0; 0, 35]</P>
    <P Name="Dst">2193#in:1</P>
  </Line>
  <Line>
    <P Name="ZOrder">59</P>
    <P Name="Src">2216#out:1</P>
    <P Name="Points">[26, 0; 0, -25]</P>
    <P Name="Dst">2193#in:2</P>
  </Line>
  <Line>
    <P Name="ZOrder">60</P>
    <P Name="Src">2211#out:1</P>
    <P Name="Dst">2172#in:1</P>
  </Line>
  <Line>
    <P Name="ZOrder">61</P>
    <P Name="Src">2153#out:1</P>
    <P Name="Points">[23, 0; 0, -30]</P>
    <P Name="Dst">2211#in:3</P>
  </Line>
  <Line>
    <P Name="ZOrder">62</P>
    <P Name="Src">2156#out:1</P>
    <P Name="Points">[13, 0; 0, -50]</P>
    <P Name="Dst">2157#in:3</P>
  </Line>
  <Line>
    <P Name="ZOrder">63</P>
    <P Name="Src">2186#out:1</P>
    <P Name="Dst">2157#in:1</P>
  </Line>
  <Line>
    <P Name="Name">&lt;Z&gt;</P>
    <P Name="ZOrder">64</P>
    <P Name="Labels">[1, 0]</P>
    <P Name="Src">2170#out:1</P>
    <P Name="Dst">2186#in:1</P>
  </Line>
  <Line>
    <P Name="ZOrder">65</P>
    <P Name="Src">2193#out:1</P>
    <P Name="Points">[36, 0]</P>
    <Branch>
      <P Name="ZOrder">66</P>
      <P Name="Dst">2211#in:2</P>
    </Branch>
    <Branch>
      <P Name="ZOrder">67</P>
      <P Name="Points">[0, 135]</P>
      <P Name="Dst">2157#in:2</P>
    </Branch>
  </Line>
  <Line>
    <P Name="ZOrder">68</P>
    <P Name="Src">2157#out:1</P>
    <P Name="Dst">2161#in:1</P>
  </Line>
  <Line>
    <P Name="ZOrder">69</P>
    <P Name="Src">2161#out:1</P>
    <P Name="Dst">2194#in:1</P>
  </Line>
  <Line>
    <P Name="ZOrder">70</P>
    <P Name="Src">2158#out:1</P>
    <P Name="Points">[25, 0; 0, -50]</P>
    <P Name="Dst">2194#in:2</P>
  </Line>
  <Line>
    <P Name="ZOrder">71</P>
    <P Name="Src">2151#out:1</P>
    <P Name="Points">[55, 0; 0, -55]</P>
    <P Name="Dst">2186#in:2</P>
  </Line>
  <Line>
    <P Name="ZOrder">72</P>
    <P Name="Src">2194#out:1</P>
    <P Name="Dst">2183#in:1</P>
  </Line>
  <Line>
    <P Name="ZOrder">73</P>
    <P Name="Src">2221#out:1</P>
    <P Name="Dst">2170#in:1</P>
  </Line>
  <Line>
    <P Name="ZOrder">74</P>
    <P Name="Src">2183#out:1</P>
    <P Name="Points">[400, 0]</P>
    <P Name="Dst">2195#in:4</P>
  </Line>
  <Line>
    <P Name="ZOrder">75</P>
    <P Name="Src">2212#out:1</P>
    <P Name="Points">[128, 0; 0, 5]</P>
    <P Name="Dst">2200#in:4</P>
  </Line>
  <Line>
    <P Name="ZOrder">76</P>
    <P Name="Src">2195#out:4</P>
    <P Name="Points">[55, 0]</P>
    <P Name="Dst">2212#ifaction</P>
  </Line>
</System>
